alcohol,volatile_acidity,sulphates,citric_acid,total_sulfur_dioxide,density,quality,quality_class
9.4,0.7,0.56,0.0,34.0,0.9978,5,1
9.8,0.88,0.68,0.0,67.0,0.9968,5,1
9.8,0.76,0.65,0.04,54.0,0.997,5,1
9.8,0.28,0.58,0.56,60.0,0.998,6,1
9.4,0.7,0.56,0.0,34.0,0.9978,5,1
9.4,0.66,0.56,0.0,40.0,0.9978,5,1
9.4,0.6,0.46,0.06,59.0,0.9964,5,1
10.0,0.65,0.47,0.0,21.0,0.9946,7,2
9.5,0.58,0.57,0.02,18.0,0.9968,7,2
10.5,0.5,0.8,0.36,102.0,0.9978,5,1
9.2,0.58,0.54,0.08,65.0,0.9959,5,1
10.5,0.5,0.8,0.36,102.0,0.9978,5,1
9.9,0.615,0.52,0.0,59.0,0.9943,5,1
9.1,0.61,1.56,0.29,29.0,0.9974,5,1
9.2,0.62,0.88,0.18,145.0,0.9986,5,1
9.2,0.62,0.93,0.19,148.0,0.9986,5,1
10.5,0.28,0.75,0.56,103.0,0.9969,7,2
9.3,0.56,1.28,0.28,56.0,0.9968,5,1
9.0,0.59,0.5,0.08,29.0,0.9974,4,0
9.2,0.32,1.08,0.51,56.0,0.9969,6,1
9.4,0.22,0.53,0.48,60.0,0.9968,6,1
9.7,0.39,0.65,0.31,71.0,0.9982,5,1
9.5,0.43,0.91,0.21,37.0,0.9966,5,1
9.4,0.49,0.53,0.11,67.0,0.9968,5,1
9.7,0.4,0.63,0.14,40.0,0.9968,6,1
9.3,0.39,0.56,0.16,23.0,0.9955,5,1
9.5,0.41,0.59,0.24,11.0,0.9962,5,1
9.5,0.43,0.91,0.21,37.0,0.9966,5,1
9.4,0.71,0.55,0.0,35.0,0.9972,5,1
9.8,0.645,0.59,0.0,16.0,0.9964,6,1
10.1,0.675,0.54,0.07,82.0,0.9958,5,1
10.6,0.685,0.57,0.0,37.0,0.9966,6,1
9.8,0.655,0.66,0.12,113.0,0.9966,5,1
9.4,0.605,0.52,0.12,83.0,0.9993,6,1
9.2,0.32,0.55,0.25,50.0,0.9957,5,1
9.6,0.645,0.55,0.0,18.0,0.9986,6,1
10.8,0.6,0.6,0.14,15.0,0.9975,6,1
9.7,0.38,0.73,0.28,30.0,0.9968,7,2
9.8,1.13,0.48,0.09,19.0,0.9940000000000001,4,0
10.5,0.45,0.83,0.36,87.0,0.9978,5,1
10.5,0.45,0.83,0.36,87.0,0.9978,5,1
9.3,0.61,0.51,0.3,46.0,0.9976,4,0
10.5,0.49,0.9,0.2,14.0,0.9968,6,1
10.3,0.66,1.2,0.22,23.0,0.9968,5,1
9.5,0.67,0.52,0.02,11.0,0.9962,5,1
13.1,0.52,0.56,0.15,65.0,0.9934,4,0
9.2,0.935,0.73,0.43,114.0,0.997,5,1
9.5,0.29,0.58,0.52,37.0,0.9969,5,1
9.2,0.4,0.56,0.23,12.0,0.9958,5,1
9.2,0.31,0.58,0.37,96.0,0.9954,5,1
9.2,0.66,0.74,0.26,23.0,0.9971,5,1
9.4,0.52,0.63,0.04,15.0,0.9956,6,1
9.4,0.5,0.64,0.04,14.0,0.9955,6,1
9.4,0.38,0.56,0.36,119.0,0.997,5,1
10.2,0.51,0.63,0.15,73.0,0.9955,6,1
9.5,0.62,0.53,0.04,45.0,0.9978,5,1
9.6,0.42,0.63,0.57,10.0,0.9971,5,1
9.4,0.63,0.77,0.12,110.0,0.9983,5,1
10.0,0.59,0.59,0.18,54.0,0.9975,5,1
9.4,0.39,0.54,0.31,46.0,0.9962,6,1
9.2,0.4,0.64,0.4,52.0,0.998,5,1
9.3,0.69,0.71,0.49,112.0,0.9968,5,1
9.5,0.52,0.62,0.16,35.0,0.9968,7,2
9.8,0.735,0.57,0.05,54.0,0.9966,5,1
10.9,0.725,0.39,0.05,11.0,0.9962,5,1
10.9,0.725,0.39,0.05,11.0,0.9962,5,1
9.6,0.52,0.58,0.11,39.0,0.9968,5,1
10.7,0.705,0.58,0.07,15.0,0.9962,5,1
10.7,0.32,0.79,0.57,65.0,0.9969,5,1
10.5,0.705,0.95,0.05,19.0,0.9962,6,1
9.5,0.63,0.54,0.08,27.0,0.9967,6,1
9.5,0.67,0.48,0.23,96.0,0.9962,5,1
9.5,0.69,0.48,0.22,94.0,0.9961,5,1
9.2,0.675,0.53,0.26,43.0,0.9976,4,0
9.6,0.32,0.82,0.54,83.0,0.9984,5,1
10.5,0.41,0.66,0.64,42.0,0.9986,5,1
10.5,0.41,0.66,0.64,42.0,0.9986,5,1
10.7,0.785,0.55,0.0,30.0,0.9966,6,1
10.1,0.75,0.52,0.12,80.0,0.9958,5,1
9.1,0.625,1.12,0.2,119.0,0.9972,4,0
9.2,0.45,0.56,0.2,15.0,0.9958,5,1
9.4,0.43,1.28,0.7,67.0,0.9974,5,1
9.1,0.5,0.57,0.47,73.0,0.997,5,1
9.4,0.67,1.14,0.26,51.0,0.9969,5,1
10.3,0.3,0.78,0.48,61.0,0.9959,6,1
10.1,0.55,0.59,0.15,40.0,0.9961,5,1
9.9,0.49,1.95,0.28,136.0,0.9972,6,1
9.6,0.49,0.64,0.26,31.0,0.9966,5,1
9.5,0.39,1.22,0.44,125.0,0.9978,5,1
9.0,0.62,0.53,0.08,24.0,0.9978,5,1
9.5,0.52,0.54,0.26,140.0,0.9964,5,1
9.9,0.49,1.95,0.28,136.0,0.9972,6,1
9.8,0.49,1.98,0.29,133.0,0.9972,5,1
9.6,0.49,0.64,0.26,31.0,0.9966,5,1
10.5,1.02,0.48,0.04,85.0,0.9938,4,0
12.9,0.6,0.6,0.17,106.0,0.9932,6,1
10.7,0.775,0.56,0.0,23.0,0.9965,5,1
9.2,0.5,0.63,0.25,22.0,0.9963,5,1
9.8,0.9,0.56,0.06,10.0,0.9967,5,1
9.0,0.545,0.59,0.18,35.0,0.9972,6,1
10.2,0.61,0.61,0.3,50.0,0.9972,6,1
10.4,0.5,0.56,0.3,22.0,0.9959,6,1
9.0,0.545,0.59,0.18,35.0,0.9972,6,1
9.2,0.575,0.51,0.22,65.0,0.9967,5,1
9.4,0.49,0.48,0.24,36.0,0.996,5,1
9.2,0.575,0.51,0.22,65.0,0.9967,5,1
9.3,0.41,1.31,0.68,69.0,0.9973,5,1
9.3,0.63,0.79,0.31,64.0,0.9969,5,1
9.6,0.33,0.8,0.53,80.0,0.9976,6,1
9.3,0.785,0.69,0.52,153.0,0.9969,5,1
9.5,0.56,0.93,0.19,47.0,0.9964,5,1
9.8,0.62,0.66,0.09,108.0,0.9964,5,1
9.8,0.6,0.66,0.1,111.0,0.9964,5,1
9.7,0.31,0.67,0.44,46.0,0.9988,6,1
9.5,0.56,0.93,0.19,47.0,0.9964,5,1
10.5,0.4,0.63,0.31,62.0,0.9966,6,1
10.0,0.54,0.61,0.28,40.0,0.9978,6,1
9.4,0.56,0.5,0.12,28.0,0.997,6,1
10.9,0.55,0.6,0.04,56.0,0.9962,6,1
9.2,0.69,0.54,0.08,89.0,0.9959,6,1
9.0,1.07,0.57,0.09,89.0,0.9962,5,1
10.9,0.55,0.6,0.04,56.0,0.9962,6,1
9.2,0.695,0.52,0.0,13.0,0.998,5,1
9.5,0.71,0.53,0.0,34.0,0.9976,5,1
9.5,0.5,0.48,0.17,102.0,0.996,5,1
9.4,0.62,0.7,0.04,90.0,0.9984,5,1
10.9,1.33,0.49,0.0,12.0,0.9964,5,1
10.9,1.33,0.48,0.0,12.0,0.9964,5,1
10.5,0.59,0.92,0.16,16.0,0.9962,7,2
9.4,0.38,0.57,0.15,19.0,0.9955,5,1
9.4,0.745,0.66,0.56,134.0,0.9968,5,1
13.0,0.5,0.63,0.09,99.0,0.9937,5,1
13.0,0.5,0.63,0.09,99.0,0.9937,5,1
9.8,0.5,0.58,0.01,26.0,0.9952,6,1
9.9,1.04,0.55,0.05,29.0,0.9959,6,1
9.6,0.745,0.82,0.11,63.0,0.9965,5,1
9.5,0.715,0.77,0.15,52.0,0.9968,5,1
9.2,0.415,0.64,0.36,45.0,0.9972,5,1
9.5,0.56,0.54,0.19,105.0,0.9962,5,1
9.5,0.56,0.54,0.19,108.0,0.9962,5,1
9.6,0.745,0.82,0.11,63.0,0.9965,5,1
9.5,0.715,0.77,0.15,52.0,0.9968,5,1
14.0,0.34,0.79,0.0,63.0,0.9916,6,1
9.4,0.39,0.58,0.08,20.0,0.9954,5,1
14.0,0.34,0.79,0.0,63.0,0.9916,6,1
9.4,0.67,0.62,0.55,141.0,0.9968,5,1
10.0,0.68,0.52,0.02,94.0,0.9944,5,1
9.3,0.49,0.8,0.26,88.0,0.9968,5,1
10.2,0.49,0.58,0.1,30.0,0.9959,6,1
10.5,0.4,0.61,0.44,43.0,0.9975,6,1
10.3,0.33,0.53,0.47,11.0,0.9958,6,1
10.1,0.6,0.54,0.03,99.0,0.995,5,1
10.1,0.6,0.54,0.03,99.0,0.995,5,1
10.5,0.43,0.72,0.42,129.0,0.9973,5,1
10.5,0.43,0.71,0.42,128.0,0.9973,5,1
10.5,0.43,0.72,0.42,129.0,0.9973,5,1
10.5,0.43,0.71,0.42,128.0,0.9973,5,1
9.3,0.68,0.5,0.0,22.0,0.9969,5,1
9.3,0.6,0.57,0.18,86.0,0.9968,6,1
9.6,0.95,0.56,0.03,20.0,0.9959,5,1
9.2,0.68,1.08,0.02,20.0,0.9965,4,0
10.0,0.53,0.56,0.04,31.0,0.9964,6,1
9.4,0.6,0.49,0.26,121.0,0.9982,5,1
9.4,0.59,0.49,0.26,121.0,0.9981,5,1
9.5,0.63,0.62,0.48,96.0,0.9961,5,1
10.2,0.64,0.52,0.1,101.0,0.9956,5,1
9.0,0.55,0.48,0.03,42.0,0.9956,4,0
10.4,0.63,0.55,0.07,44.0,0.9953,6,1
9.5,0.705,1.59,0.24,63.0,0.9964,5,1
9.1,0.885,0.33,0.03,8.0,0.9972,4,0
9.2,0.42,0.61,0.17,18.0,0.9972,6,1
9.2,0.42,0.61,0.17,18.0,0.9972,6,1
11.5,0.62,0.57,0.05,42.0,0.9961,6,1
9.5,0.38,0.47,0.21,35.0,0.9961,5,1
9.5,0.5,0.78,0.04,49.0,0.9958,5,1
9.5,0.38,0.47,0.21,35.0,0.9961,5,1
10.5,0.52,0.61,0.42,38.0,0.9972,6,1
9.6,0.805,0.56,0.0,20.0,0.9969,5,1
9.5,0.61,0.59,0.14,42.0,0.9969,5,1
9.5,0.61,0.59,0.14,42.0,0.9969,5,1
9.3,0.61,1.02,0.49,110.0,0.9972,5,1
9.3,0.73,0.52,0.02,42.0,0.9972,5,1
9.3,0.61,0.58,0.2,65.0,0.9971,5,1
9.3,0.62,0.58,0.21,62.0,0.997,6,1
9.7,0.31,0.53,0.57,85.0,0.9971,5,1
9.2,0.39,0.55,0.48,67.0,0.9972,5,1
9.7,0.705,0.49,0.1,26.0,0.9976,5,1
9.5,0.5,0.55,0.33,143.0,0.9968,5,1
9.5,0.49,0.55,0.32,144.0,0.9968,5,1
9.4,0.5,0.62,0.35,127.0,0.9976,5,1
9.8,0.37,0.62,0.25,49.0,0.9974,6,1
9.5,0.63,0.61,0.12,126.0,0.9969,5,1
9.7,0.55,0.55,0.21,28.0,0.9964,5,1
9.7,0.55,0.55,0.21,28.0,0.9964,5,1
9.4,0.59,0.54,0.33,120.0,0.9968,5,1
10.2,0.58,0.59,0.3,55.0,0.9968,5,1
10.1,0.3,0.97,0.6,27.0,0.9981,6,1
13.0,0.835,0.85,0.08,93.0,0.9924,7,2
11.4,1.09,0.43,0.06,31.0,0.9948,4,0
10.3,0.32,0.82,0.47,24.0,0.99695,7,2
9.3,0.37,1.03,0.48,145.0,0.9975,5,1
9.5,0.5,0.79,0.11,49.0,0.99545,5,1
9.2,0.42,0.55,0.35,39.0,0.9961,5,1
9.2,0.43,0.56,0.36,37.0,0.99615,6,1
10.8,0.3,0.77,0.74,28.0,0.9994,7,2
10.8,0.3,0.77,0.74,28.0,0.9994,7,2
9.3,0.57,0.53,0.31,120.0,0.99625,5,1
9.4,0.44,0.67,0.28,95.0,0.9966,5,1
10.5,0.3,0.88,0.58,19.0,0.998,7,2
12.4,0.53,0.86,0.6,19.0,0.99585,6,1
10.0,0.725,0.56,0.24,62.0,0.99685,6,1
10.2,0.44,0.67,0.64,15.0,0.998,6,1
10.1,0.57,0.43,0.26,65.0,0.9959,5,1
9.8,0.735,0.71,0.08,41.0,0.9974,6,1
10.5,0.49,0.76,0.49,121.0,0.9974,5,1
11.0,0.625,0.57,0.16,49.0,0.9962,5,1
9.1,0.725,0.55,0.22,41.0,0.9967,5,1
9.7,0.49,0.54,0.19,44.0,0.9957,5,1
9.5,0.53,0.6,0.33,144.0,0.99655,5,1
9.4,0.34,0.59,0.37,58.0,0.9964,6,1
9.4,0.53,0.57,0.26,72.0,0.9957,5,1
9.5,0.61,0.6,0.04,10.0,0.99525,5,1
10.0,0.645,0.6,0.25,28.0,0.99815,6,1
10.4,0.635,0.57,0.36,55.0,0.99745,4,0
10.5,0.43,0.58,0.25,63.0,0.99615,6,1
9.5,0.59,1.61,0.5,81.0,0.9964,6,1
9.8,0.82,0.63,0.14,23.0,0.9984,5,1
10.5,0.43,0.58,0.25,63.0,0.99615,6,1
11.0,0.52,0.5,0.25,37.0,0.99685,5,1
12.2,0.48,0.62,0.04,106.0,0.9927,7,2
9.9,0.38,0.52,0.06,49.0,0.99625,6,1
9.6,0.37,0.7,0.2,58.0,0.998,6,1
11.0,0.52,0.5,0.25,37.0,0.99685,5,1
9.0,1.0,0.55,0.09,37.0,0.99685,6,1
9.0,0.63,0.58,0.0,38.0,0.99675,6,1
9.0,0.63,0.58,0.0,38.0,0.99675,6,1
9.2,0.645,0.58,0.0,39.0,0.99675,6,1
9.0,0.63,0.58,0.0,38.0,0.99675,6,1
9.0,1.0,0.55,0.09,37.0,0.99685,6,1
9.3,0.635,1.09,0.37,62.0,0.9971,5,1
10.9,0.38,0.71,0.56,24.0,0.99925,6,1
9.8,0.58,0.49,0.1,109.0,0.99565,6,1
9.2,0.21,0.84,0.44,24.0,1.00005,7,2
9.2,0.21,0.84,0.44,24.0,1.00005,7,2
9.9,0.66,0.96,0.0,23.0,0.9983,6,1
9.5,0.68,0.52,0.07,51.0,0.99685,5,1
9.3,0.6,0.45,0.17,73.0,0.9963,5,1
9.8,0.53,0.48,0.06,39.0,0.99615,6,1
9.9,0.66,0.96,0.0,23.0,0.9983,6,1
10.0,0.32,0.78,0.44,37.0,0.9985,6,1
9.9,0.6,0.7,0.0,34.0,0.9972,6,1
10.5,0.35,0.53,0.48,21.0,0.9986,5,1
9.5,0.775,0.59,0.42,86.0,0.9959,5,1
9.9,0.6,0.7,0.0,34.0,0.9972,6,1
9.3,0.57,0.57,0.23,119.0,0.99675,5,1
9.2,0.34,0.62,0.37,13.0,0.998,5,1
9.2,0.695,0.67,0.0,56.0,0.9968,5,1
9.4,0.41,1.26,0.76,45.0,0.9968,5,1
10.5,0.31,0.8,0.47,33.0,0.99965,7,2
9.3,0.33,0.65,0.23,45.0,0.99625,5,1
9.4,0.975,0.6,0.04,67.0,0.99565,4,0
10.0,0.52,0.57,0.03,35.0,0.99575,5,1
9.3,0.37,0.67,0.23,49.0,0.9963,5,1
10.9,0.56,0.87,0.49,27.0,0.9999,5,1
10.2,0.26,0.72,0.52,10.0,0.9968,7,2
9.8,0.87,0.72,0.0,61.0,1.00025,4,0
12.8,0.35,0.86,0.46,37.0,0.9973,8,2
9.4,0.54,0.91,0.04,27.0,0.9987,6,1
10.1,0.18,0.97,0.51,23.0,0.9996,6,1
10.7,0.545,0.67,0.06,61.0,0.9965,6,1
10.1,0.18,0.97,0.51,23.0,0.9996,6,1
10.1,0.37,0.78,0.58,65.0,0.99935,5,1
9.4,0.715,0.64,0.2,38.0,0.99735,5,1
9.4,0.65,0.77,0.18,94.0,0.99915,5,1
10.7,0.545,0.67,0.06,61.0,0.9965,6,1
9.4,0.54,0.91,0.04,27.0,0.9987,6,1
10.1,0.18,0.97,0.51,23.0,0.9996,6,1
12.6,0.32,0.82,0.45,13.0,0.9976,8,2
10.5,0.4,0.77,0.32,47.0,0.9991,7,2
9.3,0.26,0.82,0.44,19.0,0.9986,6,1
9.9,0.27,1.08,0.68,10.0,0.9972,7,2
9.1,0.52,0.57,0.12,53.0,0.9971,5,1
10.5,0.4,0.77,0.32,47.0,0.9991,7,2
9.8,0.59,0.71,0.07,71.0,1.00015,5,1
9.8,0.59,0.71,0.07,71.0,1.00015,5,1
10.3,0.45,0.76,0.55,49.0,0.9997,6,1
10.3,0.4,0.7,0.12,53.0,0.9967,6,1
10.6,0.52,0.86,0.09,49.0,0.9976,7,2
9.2,0.42,0.95,0.53,98.0,1.001,5,1
10.6,0.52,0.86,0.09,49.0,0.9976,7,2
10.5,0.2,0.71,0.48,18.0,0.9979,5,1
10.3,0.55,0.64,0.23,48.0,0.9994,6,1
10.1,0.36,0.6,0.25,16.0,0.9964,6,1
9.5,0.34,0.81,0.52,53.0,1.0014,6,1
9.5,0.5,0.64,0.46,27.0,1.0001,5,1
9.9,0.83,0.52,0.37,70.0,0.9981,5,1
9.6,0.63,0.73,0.06,29.0,0.99855,5,1
9.7,0.65,0.8,0.02,31.0,0.9993,5,1
9.6,0.67,0.71,0.06,33.0,0.99845,5,1
10.7,0.53,0.59,0.06,44.0,0.9965,6,1
10.1,0.18,0.64,0.48,15.0,0.9973,6,1
10.0,0.705,0.72,0.12,28.0,0.9994,5,1
9.5,0.67,0.54,0.12,21.0,0.996,5,1
9.2,0.65,0.52,0.6,90.0,0.9973,5,1
9.3,0.53,0.59,0.48,25.0,0.9998,6,1
9.4,0.62,0.52,0.32,54.0,0.9966,5,1
9.5,0.41,0.62,0.42,14.0,0.9994,6,1
9.5,0.43,0.63,0.44,12.0,0.9994,6,1
9.5,0.29,0.53,0.38,30.0,0.9968,6,1
9.3,0.53,0.59,0.48,25.0,0.9998,6,1
9.4,0.53,0.54,0.24,105.0,0.996,6,1
9.5,0.46,0.63,0.31,98.0,0.99815,6,1
9.4,0.47,0.53,0.3,135.0,0.9976,5,1
11.0,0.36,0.68,0.29,72.0,0.99645,5,1
11.0,0.35,0.65,0.29,53.0,0.9962,6,1
10.1,0.56,0.65,0.23,92.0,0.9996,5,1
10.4,0.77,0.64,0.12,74.0,0.99865,6,1
11.5,0.66,0.71,0.39,59.0,0.9989,7,2
10.4,0.77,0.64,0.12,74.0,0.99865,6,1
11.5,0.66,0.71,0.39,59.0,0.9989,7,2
9.7,0.61,0.62,0.26,87.0,0.99975,5,1
9.3,0.62,0.63,0.05,18.0,0.99735,5,1
9.5,0.59,0.7,0.42,73.0,0.9990000000000001,6,1
9.2,0.49,0.69,0.2,50.0,1.0015,6,1
9.2,0.49,0.69,0.2,50.0,1.0015,6,1
11.5,0.53,0.74,0.66,14.0,0.9978,7,2
11.5,0.44,0.83,0.5,13.0,0.998,5,1
9.7,0.27,0.67,0.62,21.0,1.0002,6,1
9.5,0.46,0.62,0.39,15.0,0.9981,5,1
12.5,0.36,0.66,0.64,41.0,0.998,6,1
12.5,0.36,0.66,0.64,41.0,0.998,6,1
9.4,0.58,0.54,0.28,114.0,0.9973,6,1
11.0,0.56,0.52,0.08,44.0,0.9958,5,1
11.7,0.65,0.74,0.01,38.0,0.9963,7,2
12.2,0.695,0.84,0.53,21.0,0.9992,7,2
12.5,0.43,0.7,0.45,16.0,0.9948,6,1
10.3,0.43,0.64,0.32,58.0,0.9974,5,1
11.5,0.49,1.0,0.58,99.0,1.0008,6,1
9.8,0.28,1.36,0.54,29.0,0.9997,7,2
9.2,0.34,1.18,0.5,21.0,1.0,6,1
11.3,0.42,0.87,0.48,18.0,0.9972,6,1
9.8,0.39,0.75,0.47,14.0,0.9982,6,1
9.8,0.39,0.75,0.47,14.0,0.9982,6,1
10.7,0.57,0.78,0.5,32.0,1.0006,6,1
9.9,0.685,0.81,0.0,63.0,0.9979,5,1
12.3,0.815,0.89,0.02,34.0,0.9955,7,2
12.0,0.49,0.93,0.67,15.0,0.9986,6,1
10.0,0.56,0.92,0.31,46.0,0.9979,6,1
9.4,0.785,0.86,0.0,28.0,0.9994,6,1
9.9,0.67,0.98,0.22,34.0,1.0004,6,1
9.4,0.795,0.83,0.0,26.0,0.9994,6,1
9.3,0.665,0.73,0.0,19.0,0.9974,5,1
13.0,0.53,0.77,0.79,77.0,1.0018,5,1
11.9,0.21,0.59,0.4,165.0,0.9912,6,1
12.8,0.75,0.61,0.01,32.0,0.9955,6,1
11.0,0.41,0.88,0.52,55.0,1.0001,5,1
11.7,0.42,0.75,0.66,29.0,0.997,7,2
10.4,0.43,0.85,0.66,23.0,1.0,7,2
9.8,0.38,0.68,0.66,41.0,1.001,6,1
9.4,0.7,0.7,0.23,81.0,0.9973,5,1
9.9,0.45,0.91,0.31,50.0,0.9982,6,1
10.0,0.58,0.56,0.66,37.0,0.9992,5,1
10.2,0.46,0.87,0.63,15.0,0.9988,5,1
10.0,0.615,0.73,0.66,42.0,1.0022,7,2
11.8,0.42,0.93,0.5,21.0,0.9979,6,1
10.0,0.615,0.73,0.66,42.0,1.0022,7,2
9.0,0.575,0.69,0.61,24.0,1.0,5,1
9.4,0.34,0.64,0.52,75.0,0.9998,5,1
12.0,0.27,1.13,0.53,18.0,0.9962,7,2
9.9,0.765,0.78,0.02,63.0,0.9975,5,1
8.7,0.24,0.87,0.4,25.0,0.9967,6,1
10.6,0.28,1.04,0.48,46.0,0.9967,6,1
9.2,0.55,0.63,0.22,72.0,0.9959,5,1
10.8,0.41,0.81,0.63,47.0,1.0014,6,1
11.8,0.54,0.83,0.71,15.0,0.9984,7,2
11.0,0.45,1.11,0.5,47.0,1.0003,6,1
12.0,0.27,1.13,0.53,18.0,0.9962,7,2
13.3,0.625,0.99,0.66,24.0,0.9988,6,1
10.8,0.42,0.7,0.38,60.0,0.9979,6,1
9.4,0.26,0.8,0.42,27.0,0.9974,6,1
10.0,0.415,0.8,0.68,43.0,1.0014,6,1
9.4,0.26,0.8,0.42,27.0,0.9974,6,1
9.4,0.26,0.8,0.42,27.0,0.9974,6,1
9.2,0.51,0.74,0.28,54.0,0.998,5,1
9.7,0.63,0.76,0.07,37.0,0.9979,6,1
9.2,0.54,0.74,0.26,48.0,0.9981,6,1
9.6,0.66,0.54,0.15,42.0,0.9972,6,1
9.2,0.46,0.74,0.26,53.0,0.9981,6,1
10.0,0.38,0.7,0.31,49.0,0.9982,7,2
12.9,0.85,0.82,0.05,88.0,0.9924,8,2
10.0,0.415,0.8,0.68,43.0,1.0014,6,1
9.5,0.37,0.51,0.52,26.0,0.998,5,1
9.1,0.665,0.54,0.61,95.0,0.997,5,1
9.9,0.6,0.57,0.65,25.0,0.9997,5,1
13.0,0.37,0.6,0.76,38.0,1.0004,7,2
9.9,0.735,0.53,0.02,124.0,0.9994,5,1
11.0,0.59,0.65,0.59,49.0,0.9988,6,1
11.0,0.59,0.65,0.59,49.0,0.9988,6,1
9.4,0.765,0.55,0.22,42.0,0.9963,5,1
9.9,0.735,0.53,0.02,124.0,0.9994,5,1
10.8,0.26,0.47,0.3,38.0,0.9949,6,1
10.5,0.48,0.61,0.54,64.0,1.0,6,1
10.5,0.6,0.63,0.49,41.0,0.9994,6,1
9.1,0.69,0.61,0.05,27.0,0.9974,5,1
10.1,0.31,0.76,0.46,25.0,0.9966,6,1
10.8,0.44,0.65,0.47,28.0,0.9981,6,1
10.8,0.39,0.63,0.66,30.0,0.9996,7,2
11.3,0.34,0.7,0.58,16.0,0.997,6,1
9.6,0.46,0.57,0.49,49.0,0.9981,4,0
9.5,0.43,0.62,0.34,86.0,0.9987,6,1
9.5,0.45,0.62,0.35,78.0,0.9987,5,1
9.3,0.735,0.64,0.16,77.0,0.9966,5,1
11.7,0.4,0.82,0.53,19.0,0.9986,7,2
9.5,0.52,0.61,0.34,122.0,0.9982,5,1
9.3,0.725,1.07,0.24,134.0,1.0014,5,1
11.7,0.48,0.66,0.64,20.0,0.997,6,1
10.5,0.58,0.48,0.12,124.0,0.9956,5,1
10.4,0.38,0.76,0.51,20.0,0.9996,6,1
9.9,0.77,0.68,0.0,52.0,0.9976,5,1
11.8,0.56,0.73,0.33,67.0,0.9972,7,2
12.3,0.84,0.56,0.03,48.0,0.9952,7,2
10.9,0.96,0.44,0.2,60.0,0.9955,5,1
11.0,0.24,0.9,0.47,24.0,0.9978,7,2
10.9,0.96,0.44,0.2,60.0,0.9955,5,1
12.3,0.84,0.56,0.03,48.0,0.9952,7,2
11.4,0.67,0.49,0.08,48.0,0.9949,6,1
10.6,0.78,0.56,0.22,32.0,0.9988,6,1
9.3,0.52,0.6,0.33,30.0,0.9978,5,1
10.4,0.84,0.6,0.63,35.0,0.9997,6,1
11.0,0.24,0.9,0.47,24.0,0.9978,7,2
9.2,0.55,0.56,0.35,66.0,0.9974,5,1
12.8,0.37,0.65,0.69,24.0,0.9958,6,1
9.5,0.39,0.49,0.63,18.0,1.0004,5,1
9.9,0.41,0.89,0.55,54.0,0.9996,6,1
9.5,0.39,0.49,0.63,18.0,1.0004,5,1
10.2,0.67,0.56,0.3,62.0,0.9958,6,1
11.2,0.45,0.66,0.73,22.0,0.9986,6,1
9.9,0.41,0.89,0.55,54.0,0.9996,6,1
9.3,0.62,0.6,0.18,50.0,0.9951,5,1
9.8,0.31,0.82,0.72,29.0,0.9987,8,2
11.3,0.4,0.68,0.65,27.0,0.9988,6,1
11.2,0.685,0.68,0.76,43.0,1.0032,7,2
11.6,0.44,0.63,0.49,19.0,0.9963,7,2
12.5,0.57,0.84,0.01,27.0,0.9934,7,2
10.1,0.735,0.56,0.1,31.0,0.9986,6,1
10.5,0.38,0.73,0.6,72.0,0.9996,5,1
11.2,0.48,0.72,0.29,16.0,0.9968,5,1
10.2,0.53,0.56,0.22,27.0,0.9967,6,1
10.8,0.39,0.61,0.69,35.0,0.9994,6,1
10.8,0.39,0.61,0.69,35.0,0.9994,6,1
9.1,0.37,1.06,0.53,26.0,0.9979,6,1
10.0,0.56,0.63,0.03,35.0,0.9968,6,1
11.2,0.33,0.74,0.63,22.0,0.9998,7,2
11.1,0.23,0.63,0.4,67.0,0.9952,5,1
13.4,0.62,0.69,0.67,19.0,0.9988,8,2
10.3,0.59,0.58,0.39,22.0,0.9986,5,1
9.6,0.63,0.58,0.21,65.0,0.9988,5,1
11.2,0.33,0.74,0.63,22.0,0.9998,7,2
9.0,0.58,0.57,0.66,47.0,1.0008,3,0
11.3,0.43,0.61,0.52,23.0,0.9976,6,1
9.3,0.615,0.61,0.22,19.0,0.9982,5,1
11.8,0.26,0.61,0.68,25.0,0.997,5,1
9.0,0.66,0.53,0.7,129.0,0.9972,5,1
9.2,0.315,0.7,0.54,15.0,0.9987,6,1
9.7,0.29,0.91,0.4,26.0,1.0006,5,1
11.5,0.5,0.72,0.42,51.0,0.9982,6,1
14.0,0.46,0.79,0.45,18.0,0.9947,6,1
9.2,0.36,0.62,0.69,21.0,1.0,6,1
9.8,0.82,0.58,0.02,48.0,0.9952,5,1
10.6,0.32,0.61,0.65,47.0,0.9996,5,1
11.4,0.54,0.71,0.42,52.0,0.997,6,1
10.4,0.37,0.82,0.55,68.0,0.9995,6,1
10.6,0.35,0.79,0.55,14.0,0.9971,5,1
9.4,0.28,0.89,0.51,24.0,0.9982,6,1
10.2,0.68,0.6,0.24,28.0,0.9988,5,1
9.7,0.27,0.7,0.41,16.0,0.998,5,1
11.0,0.24,1.06,0.49,20.0,0.9977,6,1
10.2,0.68,0.6,0.24,28.0,0.9988,5,1
10.1,0.685,0.7,0.11,31.0,0.9984,6,1
9.2,0.28,0.66,0.39,23.0,1.0026,5,1
11.7,0.3,0.92,0.56,17.0,0.9964,8,2
9.4,0.36,1.05,0.59,18.0,0.9986,5,1
9.4,0.36,1.06,0.6,18.0,0.9986,5,1
13.4,0.44,0.66,0.68,24.0,0.997,6,1
10.0,0.67,0.47,0.39,17.0,0.9976,5,1
10.0,0.67,0.47,0.39,17.0,0.9976,5,1
10.0,0.645,0.42,0.36,14.0,0.9982,6,1
10.8,0.32,0.92,0.55,67.0,1.0002,7,2
10.2,0.39,0.75,0.4,26.0,0.9984,6,1
10.6,0.775,0.67,0.27,56.0,0.9984,6,1
13.3,0.41,0.79,0.5,25.0,0.9952,7,2
13.4,0.4,0.9,0.51,27.0,0.995,7,2
11.6,0.69,0.74,0.31,81.0,1.0002,6,1
12.1,0.39,0.55,0.23,91.0,0.9952,6,1
11.0,0.35,0.65,0.53,16.0,0.9972,8,2
9.0,0.52,0.65,0.25,38.0,0.9984,6,1
11.1,0.34,0.79,0.32,113.0,0.9966,5,1
11.0,0.35,0.65,0.53,16.0,0.9972,8,2
11.6,0.69,0.74,0.31,81.0,1.0002,6,1
9.0,0.52,0.65,0.25,38.0,0.9984,6,1
12.0,0.44,0.85,0.73,76.0,0.9990000000000001,7,2
12.0,0.44,0.85,0.73,76.0,0.9990000000000001,7,2
10.9,0.26,1.04,0.47,24.0,0.9976,7,2
10.8,0.24,1.05,0.42,22.0,0.9976,7,2
12.5,0.49,0.78,0.63,26.0,0.9968,7,2
10.8,0.24,1.02,0.46,21.0,0.9976,7,2
9.5,0.67,0.71,0.55,13.0,1.0,6,1
10.2,0.59,0.63,0.31,62.0,0.9994,6,1
11.4,0.29,0.68,0.75,43.0,0.9986,7,2
9.5,0.42,0.61,0.49,43.0,0.9978,5,1
10.2,0.59,0.63,0.31,62.0,0.9994,6,1
9.7,0.4,0.81,0.48,49.0,0.998,6,1
11.8,0.51,0.66,0.64,15.0,0.9973,7,2
11.8,0.51,0.66,0.64,15.0,0.9973,7,2
9.3,0.655,1.14,0.49,151.0,1.001,5,1
11.9,0.6,0.74,0.49,14.0,1.001,6,1
8.4,0.61,0.63,0.49,16.0,0.9994,3,0
11.7,0.21,0.68,0.49,32.0,0.9972,6,1
11.0,0.365,0.78,0.49,106.0,0.9966,5,1
10.0,0.25,0.9,0.49,33.0,0.9982,6,1
9.1,0.41,0.64,0.49,43.0,0.998,5,1
9.8,0.39,0.99,0.49,133.0,0.9979,5,1
9.4,0.4,0.55,0.49,142.0,0.9978,5,1
9.5,0.43,0.64,0.49,116.0,0.9976,5,1
9.9,0.64,0.67,0.24,53.0,0.9998,5,1
11.0,0.365,0.78,0.49,106.0,0.9966,5,1
11.4,0.38,0.77,0.49,85.0,0.9962,6,1
8.7,0.42,0.75,0.49,55.0,0.9988,6,1
9.4,0.63,0.57,0.24,33.0,0.9974,5,1
10.3,0.22,0.87,0.24,28.0,0.9990000000000001,6,1
10.3,0.38,0.61,0.49,42.0,1.0004,5,1
10.3,0.38,0.61,0.49,42.0,1.0004,5,1
12.8,0.27,0.66,0.24,33.0,0.9956,6,1
10.0,0.48,0.56,0.24,32.0,1.0,6,1
10.3,0.22,0.87,0.24,28.0,0.9990000000000001,6,1
9.4,0.63,0.57,0.24,33.0,0.9974,5,1
10.7,0.825,0.77,0.24,13.0,0.9972,6,1
12.0,0.35,0.66,0.49,35.0,1.0014,7,2
11.2,0.5,0.62,0.74,17.0,0.9996,5,1
9.6,0.59,0.67,0.24,47.0,0.9988,5,1
11.0,0.46,0.73,0.49,17.0,0.9988,6,1
9.9,0.715,0.59,0.24,20.0,0.9966,5,1
11.0,0.66,0.72,0.24,53.0,0.9993,6,1
8.4,0.31,0.79,0.74,15.0,1.0008,6,1
9.1,0.47,0.59,0.49,106.0,0.9982,5,1
9.5,0.55,0.78,0.24,28.0,0.9983,6,1
10.7,0.31,0.86,0.49,21.0,0.9987,6,1
10.4,0.35,0.75,0.49,69.0,0.9994,6,1
9.4,0.53,0.61,0.49,25.0,0.9975,6,1
9.5,0.51,0.56,0.01,25.0,0.9958,6,1
10.0,0.43,0.73,0.24,45.0,0.998,6,1
10.0,0.46,0.74,0.24,44.0,0.998,6,1
11.5,1.04,0.62,0.24,96.0,0.9934,5,1
11.1,0.645,0.74,0.49,23.0,1.00315,5,1
11.1,0.645,0.74,0.49,23.0,1.00315,5,1
11.7,0.53,0.56,0.49,17.0,1.0002,6,1
11.1,0.645,0.74,0.49,23.0,1.00315,5,1
11.7,0.53,0.56,0.49,17.0,1.0002,6,1
12.7,0.47,0.68,0.49,47.0,1.0021,6,1
11.4,0.6,0.57,0.49,19.0,0.9994,5,1
9.2,0.44,0.58,0.49,121.0,0.9978,5,1
9.2,0.54,0.61,0.49,110.0,0.9982,5,1
10.1,0.29,0.61,0.49,60.0,0.9971,6,1
12.7,0.47,0.68,0.49,47.0,1.0021,6,1
11.4,0.6,0.57,0.49,19.0,0.9994,5,1
9.0,0.7,0.6,0.24,15.0,0.9991,6,1
9.0,0.7,0.6,0.24,15.0,0.9991,6,1
10.7,0.5,0.79,0.49,20.0,0.9990000000000001,6,1
11.7,0.36,0.57,0.24,42.0,0.9946,6,1
11.0,0.35,0.91,0.49,37.0,1.0003,6,1
11.7,0.36,0.57,0.24,42.0,0.9946,6,1
10.4,0.24,0.61,0.49,28.0,0.9978,5,1
9.6,0.59,0.56,0.49,47.0,0.9991,4,0
10.0,0.34,0.7,0.49,78.0,0.9992,6,1
10.2,0.27,0.8,0.49,46.0,0.9993,6,1
10.0,0.5,0.52,0.24,14.0,0.9978,4,0
9.5,0.44,0.6,0.49,111.0,0.9982,5,1
9.8,0.47,0.6,0.49,110.0,0.9982,5,1
9.8,0.31,0.51,0.49,40.0,0.9976,6,1
9.6,0.5,0.44,0.49,14.0,1.0002,5,1
9.6,0.5,0.44,0.49,14.0,1.0002,5,1
9.2,0.49,0.43,0.49,15.0,1.0,5,1
9.9,0.28,0.66,0.49,21.0,0.9976,7,2
10.7,0.33,0.76,0.49,80.0,1.0002,7,2
9.6,0.51,0.66,0.24,38.0,0.998,6,1
10.6,0.31,1.02,0.49,47.0,0.9986,7,2
9.3,0.73,0.59,0.24,102.0,0.9967,5,1
14.0,0.42,0.74,0.24,50.0,0.9917,8,2
10.5,0.29,0.74,0.49,13.0,0.9976,7,2
9.7,0.45,0.57,0.49,75.0,0.9987,5,1
11.5,0.39,0.5,0.49,149.0,0.9922,6,1
9.7,0.45,0.57,0.49,75.0,0.9987,5,1
9.0,0.49,0.58,0.58,43.0,1.0004,5,1
9.5,0.72,0.53,0.17,38.0,0.9978,5,1
9.3,0.595,0.57,0.41,109.0,0.9998,5,1
9.3,0.4,0.6,0.51,24.0,0.9994,6,1
10.0,0.58,0.63,0.58,18.0,0.998,6,1
9.8,0.585,0.48,0.18,30.0,0.9967,6,1
9.3,0.59,0.7,0.45,22.0,1.0,6,1
10.0,0.915,0.47,0.27,23.0,0.9962,4,0
9.0,0.46,0.56,0.52,35.0,1.0006,6,1
9.3,0.835,0.52,0.0,14.0,0.9975,5,1
9.0,0.46,0.56,0.52,35.0,1.0006,6,1
9.1,0.58,0.62,0.13,63.0,0.9984,6,1
9.2,0.6,0.59,0.13,24.0,0.9984,6,1
12.2,0.41,0.79,0.48,20.0,0.9973,7,2
10.5,0.48,0.53,0.41,52.0,0.9982,6,1
10.4,0.65,0.64,0.37,65.0,1.0026,6,1
12.7,0.36,0.52,0.19,39.0,0.9956,6,1
9.2,0.24,0.54,0.54,57.0,0.9983,5,1
9.4,0.38,0.54,0.55,16.0,1.0006,5,1
10.0,0.64,0.6,0.0,29.0,0.9965,6,1
9.8,0.39,0.74,0.38,29.0,0.9962,5,1
10.2,0.755,1.36,0.18,103.0,0.9969,6,1
9.7,0.6,0.57,0.5,71.0,0.9997,5,1
9.7,0.6,0.57,0.5,71.0,0.9997,5,1
9.8,0.31,0.93,0.51,28.0,0.9982,6,1
10.2,0.46,0.7,0.5,17.0,1.0006,5,1
9.3,0.37,0.8,0.41,16.0,0.9988,5,1
9.4,0.54,0.61,0.24,112.0,0.9976,5,1
9.4,0.56,0.62,0.23,104.0,0.9976,5,1
9.5,0.58,0.55,0.22,32.0,0.9974,5,1
12.1,0.51,0.96,0.25,45.0,0.9974,6,1
10.2,0.69,0.72,0.0,58.0,0.9997,5,1
10.2,0.69,0.72,0.0,58.0,0.9997,5,1
9.1,0.6,0.49,0.29,15.0,0.9988,5,1
9.1,0.6,0.49,0.29,15.0,0.9988,5,1
9.3,0.54,0.6,0.26,31.0,0.9976,6,1
9.3,0.685,0.61,0.23,84.0,0.9964,5,1
9.3,0.54,0.6,0.26,31.0,0.9976,6,1
9.5,0.28,0.63,0.54,19.0,0.9988,5,1
10.5,0.41,0.57,0.14,43.0,0.9964,6,1
11.3,0.935,0.64,0.22,86.0,1.001,4,0
9.5,0.35,0.58,0.21,102.0,0.9964,5,1
9.7,0.84,0.55,0.0,33.0,0.9954,5,1
9.4,0.88,0.53,0.28,147.0,0.9979,5,1
9.4,0.885,0.53,0.27,145.0,0.9978,5,1
10.2,0.915,0.65,0.12,23.0,0.9964,7,2
10.3,0.29,1.36,0.35,57.0,0.997,6,1
9.4,0.54,0.62,0.45,40.0,0.9991,5,1
9.5,0.59,0.63,0.44,68.0,0.9992,5,1
9.4,0.54,0.62,0.45,40.0,0.9991,5,1
9.5,0.59,0.63,0.44,68.0,0.9992,5,1
9.4,0.54,0.62,0.45,40.0,0.9991,5,1
10.1,0.64,0.69,0.1,11.0,0.9984,7,2
10.1,0.67,0.63,0.05,20.0,0.9972,5,1
11.0,0.845,0.58,0.01,14.0,0.9967,4,0
11.2,0.48,0.67,0.3,28.0,0.9964,7,2
11.3,0.42,0.57,0.27,148.0,0.9948,6,1
9.6,0.43,0.5,0.39,32.0,0.9986,5,1
11.2,0.88,0.67,0.25,155.0,1.001,5,1
14.9,0.36,0.84,0.65,71.0,0.9976,5,1
12.0,0.33,0.54,0.59,30.0,0.9976,6,1
9.5,0.47,0.46,0.47,29.0,0.9979,5,1
9.4,0.55,0.61,0.17,53.0,1.0004,5,1
9.6,0.43,0.5,0.39,32.0,0.9986,5,1
10.5,0.5,0.68,0.59,42.0,0.998,7,2
9.6,0.52,0.81,0.07,20.0,0.9973,6,1
11.0,0.84,0.57,0.02,13.0,0.997,4,0
9.6,0.52,0.81,0.07,20.0,0.9973,6,1
9.0,0.42,0.64,0.31,42.0,0.9978,5,1
9.6,0.57,0.7,0.06,27.0,0.9972,6,1
10.2,0.28,0.79,0.46,13.0,0.9974,6,1
10.2,0.4,0.66,0.52,54.0,1.0,5,1
9.7,0.59,0.56,0.14,48.0,0.9981,5,1
9.5,0.49,0.6,0.36,16.0,0.998,6,1
9.2,0.34,0.66,0.45,15.0,0.9988,6,1
11.0,0.73,0.57,0.43,31.0,0.9966,5,1
9.2,0.34,0.66,0.45,15.0,0.9988,6,1
10.0,0.4,0.58,0.24,45.0,0.9959,5,1
9.5,0.73,0.52,0.21,13.0,0.9968,5,1
9.5,1.24,0.53,0.34,151.0,0.998,5,1
9.5,0.73,0.52,0.21,13.0,0.9968,5,1
9.3,0.4,0.67,0.41,17.0,0.9984,6,1
10.2,0.41,0.65,0.39,31.0,0.9984,5,1
9.3,0.4,0.67,0.41,17.0,0.9984,6,1
9.9,0.8,0.48,0.11,31.0,0.9979,5,1
10.0,0.78,0.53,0.1,87.0,0.9983,5,1
9.6,0.26,0.54,0.45,49.0,0.9972,5,1
9.0,0.43,0.49,0.58,40.0,1.0004,5,1
10.2,0.45,0.49,0.23,29.0,0.9962,6,1
9.8,0.46,0.54,0.31,58.0,0.998,5,1
11.3,0.78,0.56,0.23,15.0,0.997,5,1
9.4,0.98,0.48,0.32,152.0,0.998,5,1
11.3,0.78,0.56,0.23,15.0,0.997,5,1
9.1,0.65,0.6,0.18,40.0,0.997,5,1
9.7,0.64,0.59,0.23,38.0,0.9998,5,1
9.4,0.66,0.47,0.04,9.0,0.9962,5,1
9.4,0.38,1.05,0.48,17.0,0.9976,5,1
10.7,1.185,0.54,0.0,14.0,0.9966,3,0
9.8,0.92,0.54,0.24,93.0,0.9998,5,1
9.0,0.49,1.17,0.51,62.0,0.9979,5,1
9.4,0.48,0.62,0.32,122.0,0.9984,5,1
9.4,0.47,0.61,0.31,125.0,0.9984,5,1
12.8,0.47,0.62,0.02,44.0,0.9921,6,1
9.5,0.65,0.67,0.02,25.0,0.9972,6,1
9.5,0.65,0.67,0.02,25.0,0.9972,6,1
9.7,0.615,0.53,0.28,72.0,1.0001,5,1
10.8,0.38,0.62,0.55,19.0,0.9986,6,1
10.1,1.02,0.57,0.43,88.0,0.9984,6,1
9.5,0.65,0.67,0.02,25.0,0.9972,6,1
9.4,0.64,0.67,0.02,23.0,0.997,6,1
9.6,0.38,0.7,0.48,84.0,0.9972,4,0
9.7,0.765,0.54,0.04,14.0,0.998,4,0
9.9,1.035,0.49,0.15,54.0,0.9990000000000001,5,1
10.0,0.78,0.47,0.08,19.0,0.9956,5,1
10.5,0.49,0.51,0.19,37.0,0.9966,5,1
11.6,0.545,0.61,0.12,35.0,0.996,6,1
10.0,0.31,0.66,0.47,33.0,0.9983,6,1
10.1,1.025,0.57,0.43,84.0,0.9985,5,1
9.5,0.565,0.61,0.34,112.0,0.9998,5,1
9.4,0.69,0.45,0.0,33.0,0.9992,5,1
9.4,0.43,0.46,0.36,48.0,0.9976,5,1
9.8,0.74,0.51,0.28,77.0,0.998,5,1
9.2,0.49,0.48,0.18,34.0,0.9967,6,1
9.4,0.43,0.46,0.36,48.0,0.9976,5,1
10.0,0.46,0.57,0.11,49.0,0.9968,5,1
9.6,0.56,0.44,0.04,22.0,0.9976,5,1
9.5,0.66,0.54,0.0,45.0,0.9976,5,1
9.6,0.56,0.44,0.04,22.0,0.9976,5,1
9.2,0.48,0.53,0.24,106.0,0.9982,5,1
10.0,0.42,0.59,0.08,48.0,0.9968,5,1
9.5,0.31,1.62,0.3,127.0,0.9965,5,1
11.2,1.115,0.6,0.1,12.0,0.9958,4,0
10.4,0.66,0.55,0.17,13.0,0.9976,5,1
11.1,0.72,0.72,0.09,49.0,0.9994,6,1
9.5,0.57,0.68,0.02,11.0,0.997,5,1
9.5,0.57,0.68,0.02,11.0,0.997,5,1
12.7,0.865,0.49,0.03,58.0,0.995,6,1
9.6,0.55,0.67,0.66,37.0,0.9982,5,1
11.5,0.875,0.52,0.13,14.0,0.9994,5,1
9.6,0.835,0.47,0.03,19.0,0.9966,5,1
9.5,0.45,0.6,0.34,72.0,0.998,5,1
9.3,0.56,0.62,0.2,39.0,0.9987,5,1
9.5,0.965,0.5,0.1,22.0,0.9963,5,1
9.5,0.965,0.5,0.1,22.0,0.9963,5,1
9.3,0.59,0.65,0.0,58.0,1.0002,6,1
9.2,0.46,0.56,0.23,104.0,0.9983,5,1
9.3,0.69,0.6,0.0,38.0,0.9990000000000001,5,1
11.5,0.76,0.68,0.29,16.0,0.9965,6,1
9.5,0.53,0.57,0.24,139.0,0.9978799999999999,5,1
9.2,0.615,0.65,0.0,18.0,0.9972,5,1
10.0,0.41,0.53,0.58,101.0,1.00024,5,1
9.5,0.39,0.51,0.54,101.0,1.0001,5,1
9.5,0.51,0.73,0.18,28.0,0.9976799999999999,6,1
9.0,0.34,0.47,0.38,57.0,0.9978,6,1
9.4,0.33,0.48,0.4,68.0,0.99782,5,1
9.6,0.5,0.72,0.18,31.0,0.99761,6,1
9.5,0.51,0.73,0.18,28.0,0.9976799999999999,6,1
9.5,0.65,0.55,0.1,40.0,0.99803,5,1
9.5,0.65,0.55,0.1,40.0,0.99803,5,1
9.4,0.54,0.61,0.13,66.0,0.99785,5,1
9.5,0.65,0.55,0.1,40.0,0.99803,5,1
9.1,0.48,1.06,0.68,32.0,0.99656,6,1
10.7,0.91,0.43,0.07,47.0,0.99525,6,1
11.2,0.98,0.46,0.01,33.0,0.9948799999999999,6,1
9.8,0.87,0.5,0.0,31.0,0.99656,5,1
9.8,0.87,0.5,0.0,31.0,0.99656,5,1
9.2,0.42,0.52,0.21,88.0,0.99823,5,1
9.7,0.58,0.57,0.25,104.0,0.99779,5,1
9.6,0.655,0.42,0.26,35.0,0.9973799999999999,5,1
10.0,0.7,0.53,0.0,19.0,0.9970100000000001,6,1
9.6,0.655,0.42,0.26,35.0,0.9973799999999999,5,1
9.5,0.68,0.55,0.11,44.0,0.9988799999999999,6,1
9.5,0.67,0.54,0.1,48.0,0.9988799999999999,6,1
9.4,0.59,0.54,0.18,74.0,0.9973799999999999,5,1
9.5,0.6,0.62,0.32,98.0,0.9993799999999999,5,1
9.7,0.59,0.53,0.02,94.0,0.99744,6,1
9.6,0.72,0.54,0.01,32.0,0.9966799999999999,5,1
9.7,0.59,0.53,0.02,94.0,0.99744,6,1
9.4,0.685,0.55,0.26,143.0,0.9978,5,1
9.4,0.57,0.55,0.27,144.0,0.99782,5,1
9.5,0.4,0.92,0.29,44.0,0.9973,6,1
9.5,0.4,0.91,0.3,45.0,0.9972700000000001,6,1
10.0,1.0,0.46,0.0,16.0,0.9958600000000001,5,1
10.3,0.765,0.6,0.18,48.0,0.9961200000000001,6,1
10.3,0.635,0.59,0.17,18.0,0.9961,6,1
10.5,0.43,0.61,0.3,34.0,0.9978799999999999,5,1
9.8,0.52,0.6,0.03,92.0,0.99745,5,1
9.4,0.57,0.6,0.0,45.0,0.9967600000000001,6,1
9.8,0.46,0.65,0.14,37.0,0.9973200000000001,5,1
10.0,0.82,0.53,0.05,96.0,0.9981399999999999,5,1
9.8,0.46,0.65,0.14,37.0,0.9973200000000001,5,1
9.8,0.59,0.59,0.01,85.0,0.99746,5,1
9.5,0.35,0.5,0.41,61.0,0.9982,5,1
9.5,0.35,0.5,0.41,61.0,0.9982,5,1
10.1,0.56,0.56,0.24,58.0,0.9991,6,1
10.1,0.56,0.56,0.24,58.0,0.9991,6,1
9.3,0.63,0.52,0.17,119.0,0.998,5,1
9.7,0.37,0.68,0.43,82.0,0.99708,6,1
9.6,0.64,0.54,0.17,130.0,0.99818,5,1
9.7,0.61,0.6,0.02,87.0,0.99745,6,1
10.8,0.6,0.56,0.0,13.0,0.99639,5,1
12.5,0.27,0.53,0.54,26.0,0.99531,6,1
10.2,0.89,1.18,0.3,60.0,0.9978600000000001,5,1
9.6,0.46,0.74,0.31,64.0,0.99746,5,1
10.8,0.37,0.81,0.44,42.0,0.99526,7,2
10.7,0.5,0.52,0.34,14.0,0.9987,6,1
10.7,0.5,0.52,0.34,14.0,0.9987,6,1
9.4,0.61,0.51,0.08,108.0,0.99641,5,1
10.0,0.55,0.44,0.09,17.0,0.99735,5,1
12.9,0.585,0.94,0.0,86.0,0.99264,7,2
9.6,0.56,0.66,0.08,46.0,0.9971,6,1
9.9,0.52,0.57,0.22,18.0,0.99682,6,1
12.8,0.28,0.7,0.4,10.0,0.99356,7,2
12.5,0.25,0.71,0.39,10.0,0.9938600000000001,7,2
12.8,0.28,0.7,0.4,10.0,0.99356,7,2
9.2,0.53,0.86,0.12,12.0,0.99702,5,1
10.3,0.48,0.55,0.31,15.0,0.9969299999999999,6,1
10.5,0.49,0.47,0.1,14.0,0.9956200000000001,5,1
10.9,0.5,0.68,0.55,24.0,1.0001200000000001,6,1
10.8,0.45,0.71,0.33,38.0,0.99818,5,1
11.4,0.39,0.58,0.24,7.0,0.9946200000000001,4,0
11.3,0.41,0.76,0.54,41.0,0.99939,6,1
10.8,0.45,0.71,0.33,38.0,0.99818,5,1
10.5,0.51,0.58,0.19,30.0,0.9984,6,1
11.9,0.29,0.73,0.42,27.0,0.99545,6,1
9.4,0.715,0.45,0.0,47.0,0.9963200000000001,5,1
9.6,0.66,0.54,0.15,59.0,0.99976,5,1
9.7,0.685,0.6,0.0,22.0,0.9960600000000001,5,1
14.0,0.42,0.74,0.0,42.0,0.99154,7,2
9.8,0.54,0.64,0.13,36.0,0.9973,5,1
9.8,0.54,0.64,0.13,36.0,0.9973,5,1
10.3,0.48,0.53,0.28,16.0,0.99682,5,1
10.7,0.46,0.49,0.14,37.0,0.99624,5,1
11.0,0.27,0.64,0.34,8.0,0.9951,7,2
10.7,0.46,0.49,0.14,37.0,0.99624,5,1
12.7,0.57,0.74,0.09,45.0,0.9941700000000001,8,2
11.1,0.61,0.77,0.08,24.0,0.9937600000000001,6,1
10.9,0.685,0.55,0.07,9.0,0.9963200000000001,4,0
11.1,0.61,0.77,0.08,24.0,0.9937600000000001,6,1
9.9,0.44,0.86,0.42,48.0,0.9983200000000001,3,0
9.9,0.47,0.86,0.44,51.0,0.99836,4,0
9.4,0.685,0.47,0.26,23.0,0.9969399999999999,5,1
9.3,0.665,0.51,0.1,55.0,0.99655,5,1
11.7,0.28,0.39,0.28,100.0,0.99064,7,2
11.7,0.28,0.39,0.28,100.0,0.99064,7,2
11.2,0.31,0.83,0.35,28.0,0.99672,7,2
10.0,0.5,0.47,0.04,26.0,0.9964700000000001,5,1
12.1,0.42,0.77,0.47,34.0,0.99736,7,2
10.3,0.66,0.63,0.0,31.0,0.99629,5,1
10.9,0.5,0.72,0.45,68.0,0.99708,6,1
9.4,0.685,0.62,0.35,92.0,0.9963,5,1
10.6,0.25,0.83,0.46,42.0,0.9959,6,1
9.8,0.64,0.66,0.21,31.0,0.9968899999999999,5,1
9.8,0.64,0.66,0.21,31.0,0.9968899999999999,5,1
9.9,0.68,0.7,0.16,39.0,0.9977,6,1
9.8,0.64,0.66,0.21,31.0,0.9968899999999999,5,1
9.8,0.63,0.66,0.21,32.0,0.9968899999999999,5,1
9.5,0.43,0.55,0.44,22.0,0.99708,5,1
9.5,0.43,0.55,0.44,22.0,0.99708,5,1
9.7,0.42,1.07,0.32,122.0,0.9980100000000001,5,1
10.9,0.36,0.73,0.39,55.0,0.9965200000000001,6,1
10.9,0.36,0.73,0.39,55.0,0.9965200000000001,6,1
11.7,0.735,0.71,0.02,14.0,0.9953799999999999,7,2
10.9,0.36,0.73,0.39,55.0,0.9965200000000001,6,1
11.3,0.26,0.78,0.34,47.0,0.9959399999999999,7,2
10.6,0.28,0.67,0.47,32.0,0.9968600000000001,7,2
11.2,0.56,0.82,0.22,24.0,0.9943799999999999,6,1
9.5,0.62,0.54,0.06,85.0,0.99746,5,1
11.5,1.01,0.6,0.66,88.0,0.9935700000000001,6,1
10.4,0.42,0.44,0.32,25.0,0.9962799999999999,5,1
9.7,0.62,0.53,0.06,84.0,0.99746,5,1
9.5,0.62,0.54,0.06,85.0,0.99746,5,1
9.7,0.635,0.54,0.07,86.0,0.9974799999999999,5,1
11.3,0.49,0.83,0.22,24.0,0.9943799999999999,6,1
11.2,0.51,0.84,0.23,22.0,0.9943799999999999,6,1
11.2,0.56,0.82,0.22,24.0,0.9943799999999999,6,1
10.9,0.63,0.64,0.03,43.0,0.9957799999999999,6,1
11.8,0.715,0.57,0.01,43.0,0.99371,6,1
10.6,0.56,0.57,0.03,46.0,0.9952200000000001,5,1
10.0,0.35,0.54,0.24,48.0,0.9957600000000001,4,0
11.1,0.21,0.58,0.37,10.0,0.9955200000000001,7,2
11.8,0.38,0.65,0.46,10.0,0.99664,7,2
11.8,0.31,0.79,0.4,16.0,0.9961399999999999,7,2
10.9,0.47,0.58,0.0,14.0,0.9951700000000001,4,0
11.8,0.715,0.57,0.01,43.0,0.99371,6,1
10.0,0.61,0.5,0.19,69.0,0.99787,6,1
9.5,0.6,0.55,0.04,88.0,0.99745,5,1
9.9,0.56,0.49,0.18,21.0,0.9957600000000001,5,1
11.4,0.715,0.65,0.0,35.0,0.9953299999999999,6,1
12.0,0.31,0.78,0.29,26.0,0.99536,6,1
9.5,0.6,0.55,0.04,88.0,0.99745,5,1
10.0,0.61,0.5,0.19,69.0,0.99787,6,1
10.5,0.75,0.64,0.14,30.0,0.99824,5,1
10.4,0.8,0.65,0.12,28.0,0.99836,6,1
12.1,0.52,0.79,0.38,56.0,0.99577,7,2
11.2,0.57,0.56,0.0,64.0,0.9949100000000001,6,1
9.3,0.9,0.68,0.34,99.0,1.00289,5,1
10.1,0.34,0.58,0.24,52.0,0.9957600000000001,5,1
9.7,0.66,0.57,0.03,86.0,0.9974299999999999,5,1
9.3,0.45,0.65,0.23,18.0,0.99774,6,1
9.7,0.66,0.57,0.03,86.0,0.9974299999999999,5,1
9.8,0.63,0.58,0.03,88.0,0.99745,6,1
10.7,0.59,0.58,0.01,43.0,0.9955,6,1
12.5,0.31,0.77,0.39,43.0,0.99444,7,2
10.7,0.59,0.58,0.01,43.0,0.9955,6,1
12.5,0.31,0.77,0.39,43.0,0.99444,7,2
11.0,1.02,0.49,0.02,11.0,0.99892,3,0
11.8,0.31,0.69,0.36,39.0,0.9956200000000001,5,1
10.8,0.635,0.69,0.1,33.0,0.99736,7,2
10.8,0.635,0.69,0.1,33.0,0.99736,7,2
10.8,0.59,0.59,0.06,18.0,0.9962,7,2
10.8,0.59,0.59,0.06,18.0,0.9962,7,2
9.5,0.58,0.59,0.2,115.0,0.998,5,1
11.0,0.54,0.71,0.27,78.0,0.9964,5,1
11.5,0.56,0.54,0.0,9.0,0.9948,6,1
10.8,0.52,0.59,0.13,61.0,0.9952799999999999,6,1
11.5,0.305,0.52,0.39,11.0,0.99331,6,1
13.2,0.38,0.57,0.48,11.0,0.99577,6,1
10.9,0.28,0.6,0.46,9.0,0.9990100000000001,6,1
12.2,0.46,0.62,0.44,8.0,0.99674,6,1
12.2,0.395,0.64,0.46,10.0,0.99639,7,2
11.5,0.305,0.52,0.39,11.0,0.99331,6,1
11.9,0.315,0.67,0.4,6.0,0.9951200000000001,6,1
11.0,0.715,0.61,0.19,62.0,0.99395,5,1
10.1,0.41,0.64,0.31,45.0,0.99824,6,1
11.0,0.36,0.72,0.32,79.0,0.9964,6,1
11.8,0.62,0.89,0.12,46.0,0.9950399999999999,6,1
10.5,0.41,0.56,0.37,23.0,0.9978600000000001,5,1
11.0,0.36,0.72,0.32,79.0,0.9964,6,1
11.8,0.62,0.89,0.12,46.0,0.9950399999999999,6,1
10.1,0.41,0.64,0.31,45.0,0.99824,6,1
11.2,0.47,0.8,0.27,28.0,0.99516,5,1
11.0,0.22,0.87,0.36,77.0,0.9960399999999999,7,2
10.2,0.24,0.9,0.33,73.0,0.9978600000000001,6,1
9.2,0.67,0.59,0.19,75.0,0.99736,4,0
11.2,0.47,0.8,0.27,28.0,0.99516,5,1
12.0,0.33,0.73,0.38,19.0,0.9946799999999999,7,2
10.5,0.61,0.73,0.01,25.0,0.99746,5,1
9.8,0.61,0.65,0.01,38.0,0.9974799999999999,5,1
9.5,0.4,0.59,0.29,66.0,0.9971,6,1
9.8,0.61,0.65,0.01,38.0,0.9974799999999999,5,1
10.5,0.61,0.73,0.01,25.0,0.99746,5,1
11.8,0.3,0.72,0.38,72.0,0.9954299999999999,6,1
11.8,0.3,0.72,0.38,72.0,0.9954299999999999,6,1
10.4,0.63,0.6,0.5,26.0,0.9979100000000001,4,0
12.9,0.38,0.72,0.38,42.0,0.99356,7,2
11.4,0.46,0.54,0.17,11.0,0.99425,5,1
12.4,0.33,0.76,0.52,25.0,0.9950899999999999,7,2
12.5,0.27,0.52,0.49,17.0,0.99484,7,2
10.0,0.43,0.64,0.4,52.0,0.99834,7,2
9.7,0.5,0.6,0.34,45.0,0.99864,7,2
12.1,0.3,0.64,0.49,24.0,0.99498,7,2
11.1,0.44,0.79,0.42,20.0,0.99566,7,2
12.0,0.44,0.99,0.58,24.0,0.99745,7,2
12.4,0.28,0.62,0.48,12.0,0.99408,7,2
11.9,0.12,0.76,0.45,21.0,0.9955200000000001,7,2
11.9,0.12,0.76,0.45,21.0,0.9955200000000001,7,2
11.9,0.12,0.76,0.45,21.0,0.9955200000000001,7,2
12.4,0.28,0.62,0.48,12.0,0.99408,7,2
11.2,0.31,0.68,0.4,10.0,0.99536,7,2
12.1,0.34,0.69,0.48,9.0,0.9945799999999999,7,2
12.2,0.43,0.54,0.4,11.0,0.9953799999999999,6,1
10.4,0.21,0.67,0.52,23.0,0.9964799999999999,5,1
11.3,0.36,0.62,0.52,10.0,0.9956799999999999,6,1
11.1,0.37,0.58,0.52,51.0,0.99613,6,1
11.3,0.57,0.71,0.12,36.0,0.99519,7,2
10.0,0.59,0.61,0.05,32.0,0.99735,5,1
11.1,0.47,0.85,0.27,38.0,0.99518,6,1
9.3,0.56,0.62,0.14,18.0,0.99592,5,1
9.5,0.57,0.69,0.02,16.0,0.99654,5,1
11.2,0.27,0.69,0.39,27.0,0.99546,6,1
11.1,0.47,0.85,0.27,38.0,0.99518,6,1
11.0,0.34,0.86,0.4,48.0,0.99554,6,1
11.9,0.38,0.58,0.41,10.0,0.9960399999999999,7,2
9.2,0.66,0.48,0.2,113.0,0.9973299999999999,5,1
12.2,0.4,0.6,0.43,46.0,0.9943,6,1
10.2,0.56,0.61,0.09,22.0,0.99669,5,1
10.9,0.26,0.87,0.48,10.0,0.99724,6,1
10.9,0.26,0.87,0.48,10.0,0.99724,6,1
11.6,0.38,0.65,0.5,13.0,0.9964299999999999,7,2
10.7,0.34,0.63,0.44,12.0,0.99605,5,1
12.1,0.33,0.62,0.41,13.0,0.9965799999999999,7,2
9.4,0.41,0.52,0.3,72.0,0.997,5,1
9.4,0.41,0.52,0.3,72.0,0.997,5,1
9.1,0.59,0.5,0.29,119.0,0.9980100000000001,5,1
11.3,0.4,0.49,0.32,29.0,0.99416,7,2
10.4,0.45,0.63,0.49,6.0,0.9969,5,1
10.5,0.5,0.71,0.3,17.0,0.99774,6,1
10.0,0.86,0.62,0.26,28.0,0.9971200000000001,5,1
12.9,0.52,0.82,0.32,70.0,0.99418,6,1
10.5,0.5,0.71,0.3,17.0,0.99774,6,1
10.4,0.45,0.63,0.49,6.0,0.9969,5,1
11.3,0.58,0.58,0.0,11.0,0.9956200000000001,6,1
11.4,0.34,0.55,0.39,7.0,0.9947,7,2
9.4,0.36,0.5,0.3,70.0,0.9969299999999999,5,1
9.4,0.39,0.49,0.12,27.0,0.9959600000000001,5,1
10.9,0.295,0.51,0.4,21.0,0.99556,6,1
9.4,0.39,0.49,0.12,27.0,0.9959600000000001,5,1
9.4,0.34,0.48,0.28,68.0,0.9969399999999999,5,1
9.4,0.4,0.48,0.1,47.0,0.99554,6,1
9.4,0.34,0.48,0.28,68.0,0.9969399999999999,5,1
9.4,0.35,0.43,0.45,88.0,0.99918,5,1
10.1,0.6,0.62,0.06,41.0,0.99697,6,1
12.8,0.66,0.63,0.0,11.0,0.9937799999999999,7,2
12.8,0.66,0.63,0.0,11.0,0.9937799999999999,7,2
9.1,0.84,0.48,0.34,10.0,0.99554,6,1
12.9,0.69,0.53,0.0,12.0,0.9916200000000001,6,1
11.5,0.43,0.72,0.3,12.0,0.99495,7,2
10.6,0.35,0.82,0.38,47.0,0.9967600000000001,7,2
11.7,0.29,0.84,0.33,27.0,0.99516,7,2
12.8,0.36,0.55,0.32,8.0,0.9928,7,2
10.3,0.43,0.54,0.29,45.0,0.99603,5,1
12.8,0.36,0.55,0.32,8.0,0.9928,7,2
11.7,0.29,0.84,0.33,27.0,0.99516,7,2
11.7,0.3,0.84,0.34,25.0,0.99516,7,2
12.0,0.35,0.7,0.4,24.0,0.99549,7,2
10.9,0.5,0.68,0.36,55.0,0.9972200000000001,5,1
12.3,0.28,0.55,0.45,12.0,0.99354,7,2
10.4,0.32,0.55,0.31,19.0,0.9957,6,1
10.0,1.005,0.48,0.15,32.0,0.9960399999999999,5,1
10.0,0.71,0.58,0.0,31.0,0.99635,6,1
11.2,0.58,0.58,0.16,7.0,0.99454,6,1
11.4,0.39,0.84,0.46,27.0,0.99598,6,1
12.6,0.38,0.75,0.4,28.0,0.9948600000000001,7,2
12.7,0.18,0.44,0.37,109.0,0.9900700000000001,6,1
12.7,0.18,0.44,0.37,109.0,0.9900700000000001,6,1
10.4,0.5,0.61,0.14,23.0,0.99636,5,1
11.9,0.36,0.53,0.66,8.0,0.9964200000000001,6,1
11.9,0.36,0.53,0.66,8.0,0.9964200000000001,6,1
10.5,0.51,0.54,0.09,9.0,0.99584,5,1
12.3,0.32,0.55,0.42,9.0,0.9950600000000001,6,1
10.5,0.58,0.56,0.01,18.0,0.9956799999999999,7,2
10.4,0.83,0.6,0.0,43.0,0.9982200000000001,6,1
12.6,0.31,0.56,0.32,36.0,0.99364,6,1
11.6,0.795,0.52,0.0,52.0,0.9937799999999999,5,1
10.1,0.34,0.54,0.21,68.0,0.9958600000000001,6,1
10.5,0.58,0.56,0.01,18.0,0.9956799999999999,7,2
11.5,0.59,0.55,0.0,14.0,0.9948799999999999,7,2
11.0,0.55,0.58,0.01,15.0,0.9951399999999999,7,2
9.6,0.82,0.53,0.0,14.0,0.99854,5,1
10.4,0.57,0.59,0.08,27.0,0.99592,6,1
9.7,0.745,0.47,0.18,48.0,0.99739,6,1
10.6,0.37,0.65,0.34,17.0,0.9968299999999999,7,2
12.5,0.31,0.59,0.34,35.0,0.99356,7,2
9.2,0.91,0.56,0.1,56.0,0.99672,5,1
12.6,0.41,0.77,0.41,42.0,0.9953,7,2
11.1,0.5,0.83,0.21,39.0,0.99692,6,1
10.2,0.965,0.67,0.0,32.0,0.99756,5,1
9.8,0.49,0.64,0.19,26.0,0.9954700000000001,6,1
11.1,0.5,0.83,0.21,39.0,0.99692,6,1
10.9,0.39,0.81,0.41,39.0,0.99859,7,2
12.2,0.39,0.62,0.33,53.0,0.9929399999999999,6,1
11.4,0.44,0.58,0.0,38.0,0.9943799999999999,6,1
10.7,0.78,0.62,0.0,45.0,0.9961200000000001,6,1
10.4,0.43,0.64,0.17,51.0,0.99634,5,1
10.9,0.49,0.78,0.36,14.0,0.99702,6,1
10.8,0.5,0.77,0.36,17.0,0.9970399999999999,6,1
10.4,0.43,0.64,0.17,51.0,0.99634,5,1
9.2,0.46,1.34,0.59,45.0,0.99702,5,1
12.9,0.605,0.55,0.05,25.0,0.9925799999999999,5,1
12.7,0.33,0.77,0.42,20.0,0.99426,7,2
9.1,0.64,0.62,0.27,77.0,0.9974700000000001,6,1
9.1,0.64,0.62,0.27,77.0,0.9974700000000001,6,1
12.1,0.48,0.59,0.53,10.0,0.9958600000000001,7,2
9.1,0.42,0.57,0.25,90.0,0.99784,5,1
11.6,0.53,0.76,0.57,52.0,0.9971,7,2
12.1,0.48,0.59,0.53,10.0,0.9958600000000001,7,2
9.9,0.23,0.7,0.57,8.0,0.9981,6,1
12.5,0.4,0.69,0.5,16.0,0.9946200000000001,8,2
11.4,0.38,0.64,0.44,15.0,0.9956,6,1
11.8,0.29,0.63,0.65,17.0,0.99565,6,1
11.8,0.74,0.57,0.09,10.0,0.99418,6,1
10.2,0.61,0.6,0.18,20.0,0.9963,6,1
12.5,0.52,0.72,0.08,26.0,0.9935799999999999,7,2
10.9,0.31,0.83,0.53,10.0,0.99572,7,2
10.9,0.31,0.83,0.53,10.0,0.99572,7,2
10.8,0.62,0.62,0.35,52.0,0.997,5,1
11.1,0.33,0.89,0.45,37.0,0.99498,7,2
9.2,0.77,0.58,0.2,92.0,0.99892,5,1
9.5,0.35,0.58,0.26,75.0,0.9968,6,1
10.7,0.62,0.58,0.33,37.0,0.9972,6,1
9.2,0.77,0.58,0.2,92.0,0.99892,5,1
10.2,0.25,0.86,0.34,67.0,0.99769,7,2
11.4,0.32,0.73,0.56,8.0,0.99534,6,1
11.0,0.37,0.58,0.65,8.0,0.9981700000000001,5,1
11.0,0.37,0.58,0.65,8.0,0.9981700000000001,5,1
11.8,0.27,0.51,0.56,8.0,0.99471,6,1
9.5,0.38,0.59,0.3,70.0,0.99685,6,1
12.0,0.42,0.77,0.45,59.0,0.9961700000000001,6,1
9.5,0.38,0.59,0.3,70.0,0.99685,6,1
9.6,0.48,0.49,0.08,64.0,0.99529,5,1
11.6,0.34,0.66,0.4,9.0,0.9973799999999999,7,2
11.2,0.19,0.69,0.42,30.0,0.9940000000000001,6,1
9.9,0.41,0.76,0.54,41.0,0.99735,7,2
9.9,0.41,0.76,0.54,41.0,0.99735,7,2
11.8,0.26,0.63,0.54,74.0,0.99451,8,2
11.4,0.34,0.6,0.42,19.0,0.99546,6,1
11.5,0.54,0.59,0.09,16.0,0.99479,6,1
12.0,0.31,0.86,0.36,31.0,0.99615,7,2
10.8,0.725,0.49,0.09,17.0,0.99655,6,1
10.5,0.4,0.5,0.47,20.0,0.99772,5,1
10.8,0.725,0.49,0.09,17.0,0.99655,6,1
9.4,0.52,0.52,0.38,18.0,0.99666,5,1
12.5,0.31,0.81,0.45,16.0,0.9935799999999999,7,2
9.4,0.52,0.52,0.38,18.0,0.99666,5,1
12.4,0.34,0.78,0.42,36.0,0.99392,6,1
12.0,0.49,0.63,0.27,25.0,0.9938799999999999,6,1
11.2,0.48,0.54,0.09,30.0,0.9940200000000001,6,1
12.0,0.49,0.63,0.27,25.0,0.9938799999999999,6,1
12.4,0.48,0.66,0.34,25.0,0.9936,6,1
12.8,0.57,0.6,0.28,49.0,0.99374,5,1
12.3,0.23,0.54,0.42,17.0,0.9937600000000001,6,1
11.7,0.3,0.85,0.41,24.0,0.99523,7,2
9.5,0.78,0.49,0.1,13.0,0.99855,5,1
10.8,0.47,0.76,0.43,66.0,0.9982,6,1
10.0,0.53,0.64,0.0,14.0,0.99593,6,1
12.3,0.42,0.64,0.27,55.0,0.99471,7,2
11.0,0.33,0.71,0.41,35.0,0.9939600000000001,6,1
9.5,0.24,0.59,0.39,10.0,0.99698,6,1
13.6,0.4,0.66,0.5,80.0,0.9902,6,1
11.3,0.69,0.6,0.07,21.0,0.99572,6,1
11.3,0.69,0.6,0.07,21.0,0.99572,6,1
11.3,0.69,0.6,0.07,21.0,0.99572,6,1
13.3,0.39,0.53,0.12,24.0,0.9925200000000001,6,1
12.9,0.66,0.58,0.0,15.0,0.99256,5,1
13.1,0.54,0.72,0.34,17.0,0.99235,8,2
12.3,0.5,0.55,0.0,28.0,0.9935200000000001,6,1
12.3,0.47,0.48,0.0,33.0,0.9922,6,1
11.2,0.4,0.65,0.37,29.0,0.99674,6,1
11.5,0.58,0.62,0.0,13.0,0.9955700000000001,4,0
11.3,0.24,0.59,0.35,27.0,0.9939399999999999,7,2
13.5,0.29,0.54,0.26,11.0,0.9915,6,1
11.5,0.76,0.6,0.0,52.0,0.99379,6,1
10.0,0.43,0.68,0.33,89.0,0.9984,5,1
10.5,0.43,0.69,0.35,70.0,0.99798,6,1
10.4,0.6,0.63,0.0,10.0,0.9977,6,1
9.5,0.19,0.44,0.21,135.0,0.99341,5,1
13.6,0.36,0.88,0.34,38.0,0.9933,7,2
11.2,0.48,0.68,0.07,18.0,0.99684,7,2
11.8,0.28,0.74,0.35,15.0,0.99524,7,2
11.9,0.25,0.6,0.43,50.0,0.9946,6,1
11.4,0.52,0.76,0.45,13.0,0.99774,6,1
11.4,0.52,0.76,0.45,13.0,0.99774,6,1
9.1,0.41,0.58,0.15,94.0,0.9978600000000001,5,1
9.5,0.51,0.64,0.24,86.0,0.99764,6,1
9.5,0.4,0.65,0.3,79.0,0.9969,6,1
11.0,0.38,0.85,0.32,71.0,0.99624,6,1
11.4,0.45,0.65,0.11,12.0,0.99354,6,1
10.0,0.22,0.82,0.3,20.0,0.99672,6,1
10.1,0.32,0.62,0.23,70.0,0.9958799999999999,5,1
10.4,0.2,0.81,0.43,51.0,0.99672,6,1
9.8,0.5,0.87,0.12,21.0,0.996,6,1
11.8,0.41,0.49,0.45,14.0,0.99702,7,2
11.6,0.39,0.66,0.42,21.0,0.99526,6,1
12.0,0.35,0.52,0.47,11.0,0.99585,6,1
12.8,0.33,0.76,0.32,12.0,0.9947299999999999,7,2
12.5,0.58,0.65,0.23,70.0,0.9935200000000001,6,1
9.8,0.6,0.53,0.25,38.0,0.99616,5,1
11.1,0.42,0.66,0.35,38.0,0.9962200000000001,6,1
11.4,0.58,0.68,0.0,63.0,0.99544,6,1
9.8,0.6,0.53,0.25,38.0,0.99616,5,1
11.8,0.18,0.76,0.51,88.0,0.99524,7,2
12.9,0.51,0.87,0.18,101.0,0.9924,7,2
10.6,0.41,1.16,0.43,54.0,0.99572,6,1
10.8,0.41,0.67,0.43,37.0,0.9972799999999999,5,1
11.1,0.36,0.72,0.57,20.0,0.9967600000000001,7,2
10.2,0.45,0.75,0.43,21.0,0.99551,6,1
11.8,0.32,0.71,0.42,19.0,0.99434,7,2
10.0,0.785,0.67,0.24,21.0,0.99692,5,1
10.0,0.785,0.67,0.24,21.0,0.99692,5,1
9.4,0.44,1.1,0.5,38.0,0.99634,5,1
10.2,0.54,0.98,0.26,60.0,0.9970899999999999,5,1
12.4,0.33,0.88,0.39,48.0,0.9952799999999999,7,2
12.0,0.34,0.56,0.27,44.0,0.99384,6,1
11.5,0.5,0.62,0.29,14.0,0.9950200000000001,6,1
10.5,0.36,0.67,0.34,12.0,0.9966700000000001,6,1
10.8,0.59,0.68,0.0,44.0,0.9952200000000001,6,1
12.3,0.42,0.74,0.46,16.0,0.99649,6,1
9.5,0.36,0.62,0.31,65.0,0.99716,6,1
9.5,0.36,0.62,0.31,65.0,0.99716,6,1
11.5,0.61,0.7,0.0,59.0,0.99541,6,1
11.2,0.88,0.5,0.03,47.0,0.99572,4,0
12.7,0.66,0.66,0.0,11.0,0.99318,7,2
11.4,0.915,0.73,0.0,78.0,0.99346,5,1
11.0,0.35,0.81,0.33,47.0,0.9959899999999999,6,1
11.0,0.35,0.81,0.33,47.0,0.9959899999999999,6,1
11.4,0.39,0.46,0.43,11.0,0.9947799999999999,5,1
10.5,0.4,0.86,0.4,54.0,0.99754,6,1
9.3,0.66,0.6,0.07,61.0,0.99572,5,1
10.9,0.64,0.7,0.23,119.0,0.9953799999999999,5,1
11.9,0.43,0.46,0.3,39.0,0.99346,6,1
12.2,0.8,0.5,0.03,12.0,0.9963,5,1
11.9,0.43,0.46,0.3,39.0,0.99346,6,1
10.9,0.64,0.7,0.23,119.0,0.9953799999999999,5,1
9.6,0.955,0.44,0.05,19.0,0.99616,4,0
12.5,0.4,0.57,0.57,20.0,0.9965200000000001,6,1
10.8,0.885,0.51,0.0,12.0,0.99551,5,1
12.4,0.25,0.8,0.37,41.0,0.99439,7,2
10.8,0.885,0.51,0.0,12.0,0.99551,5,1
9.5,0.745,0.59,0.12,64.0,0.9958799999999999,6,1
9.5,0.43,0.6,0.22,56.0,0.9963299999999999,6,1
9.5,0.58,0.58,0.23,94.0,0.9968600000000001,6,1
9.8,0.57,0.54,0.21,9.0,0.9945799999999999,6,1
10.9,0.26,0.79,0.26,77.0,0.9951,6,1
9.5,0.58,0.58,0.23,94.0,0.9968600000000001,6,1
9.8,0.57,0.54,0.21,9.0,0.9945799999999999,6,1
11.2,0.34,0.54,0.36,10.0,0.99419,7,2
11.7,0.42,0.69,0.39,12.0,0.99516,8,2
9.4,0.74,0.55,0.19,76.0,0.9987799999999999,5,1
11.0,0.36,0.85,0.46,44.0,0.99534,7,2
11.0,0.36,0.85,0.46,44.0,0.99534,7,2
11.0,0.36,0.85,0.46,44.0,0.99534,7,2
10.0,0.72,0.94,0.55,52.0,0.9975200000000001,5,1
11.0,0.36,0.85,0.46,44.0,0.99534,7,2
11.2,0.39,0.87,0.43,24.0,0.9942799999999999,7,2
10.4,0.65,0.62,0.02,15.0,0.99498,6,1
9.3,0.44,0.62,0.15,53.0,0.9957,5,1
10.4,0.65,0.62,0.02,15.0,0.99498,6,1
10.5,0.38,0.75,0.42,13.0,0.99659,6,1
10.4,0.33,0.48,0.46,9.0,0.9962799999999999,6,1
11.3,0.27,0.56,0.46,29.0,0.9948799999999999,6,1
9.5,0.57,0.69,0.31,79.0,0.99677,6,1
12.0,0.34,0.81,0.37,74.0,0.99408,6,1
10.6,0.4,0.69,0.31,24.0,0.996,6,1
10.9,0.39,0.83,0.4,50.0,0.9947799999999999,6,1
11.5,0.32,0.77,0.52,44.0,0.99734,6,1
11.5,0.32,0.77,0.52,44.0,0.99734,6,1
9.6,0.53,0.46,0.22,89.0,0.9967799999999999,6,1
12.0,0.36,0.76,0.47,23.0,0.9963799999999999,6,1
10.3,0.39,0.82,0.49,20.0,0.9992,6,1
9.4,0.46,0.51,0.23,77.0,0.9992200000000001,5,1
9.2,0.58,0.47,0.03,46.0,0.99592,5,1
9.6,0.58,0.72,0.25,21.0,0.99769,5,1
13.6,0.42,0.73,0.0,88.0,0.9915700000000001,7,2
9.5,0.43,0.64,0.29,66.0,0.99718,5,1
11.8,0.18,0.78,0.34,58.0,0.9947,6,1
10.8,0.815,0.62,0.01,90.0,0.99621,5,1
9.5,0.43,0.64,0.29,66.0,0.99718,5,1
9.3,0.23,0.49,0.37,36.0,0.9961399999999999,4,0
12.8,0.75,0.4,0.01,18.0,0.9924200000000001,6,1
11.5,0.33,0.56,0.32,113.0,0.99572,4,0
9.4,0.55,0.64,0.0,17.0,0.99659,6,1
12.8,0.75,0.4,0.01,18.0,0.9924200000000001,6,1
9.6,0.73,0.46,0.0,24.0,0.99798,4,0
11.8,0.67,0.56,0.0,20.0,0.9948799999999999,4,0
9.3,0.61,0.4,0.2,60.0,0.9949399999999999,5,1
9.8,0.37,0.59,0.39,65.0,0.99729,5,1
12.2,0.4,0.6,0.41,40.0,0.9941399999999999,6,1
9.5,0.56,0.62,0.22,86.0,0.9983,5,1
10.3,0.29,0.54,0.25,160.0,0.99721,6,1
10.5,0.55,0.68,0.19,34.0,0.99655,5,1
10.0,0.74,0.48,0.07,48.0,0.9950200000000001,5,1
10.5,0.55,0.68,0.19,34.0,0.99655,5,1
11.1,0.41,0.75,0.33,36.0,0.9949,6,1
10.9,0.6,0.61,0.01,37.0,0.9951399999999999,6,1
10.9,0.6,0.61,0.01,37.0,0.9951399999999999,6,1
9.8,0.58,0.59,0.14,60.0,0.9963,5,1
9.8,0.72,0.58,0.0,14.0,0.9962700000000001,5,1
9.5,0.66,0.58,0.0,13.0,0.99569,5,1
10.9,0.7,0.69,0.06,35.0,0.9962799999999999,5,1
11.0,0.64,0.45,0.02,46.0,0.9935799999999999,5,1
9.2,0.59,0.42,0.22,60.0,0.9949899999999999,5,1
11.0,0.58,0.7,0.28,69.0,0.9963299999999999,6,1
11.3,0.64,0.63,0.0,33.0,0.9953799999999999,6,1
11.3,0.64,0.63,0.0,33.0,0.9953799999999999,6,1
9.3,0.635,1.15,0.68,56.0,0.9963200000000001,5,1
11.2,1.02,0.55,0.0,24.0,0.9943700000000001,4,0
9.8,0.45,0.58,0.38,66.0,0.99726,5,1
9.6,0.78,0.46,0.0,26.0,0.9978,4,0
11.8,0.37,0.72,0.32,51.0,0.99456,6,1
10.3,0.57,0.6,0.05,36.0,0.99564,6,1
10.3,0.57,0.6,0.05,36.0,0.99564,6,1
11.4,0.43,0.87,0.5,19.0,0.996,6,1
9.5,0.41,0.55,0.31,51.0,0.9966799999999999,6,1
14.0,0.49,0.82,0.03,87.0,0.9908,8,2
14.0,0.38,0.75,0.01,60.0,0.9908399999999999,6,1
11.7,0.44,0.57,0.2,64.0,0.9935,6,1
11.2,0.46,0.53,0.0,44.0,0.99385,5,1
9.3,0.58,0.43,0.2,44.0,0.9949399999999999,5,1
11.2,0.58,0.53,0.13,36.0,0.9944,6,1
9.5,0.715,0.54,0.22,81.0,0.9968799999999999,6,1
12.0,0.4,0.56,0.4,10.0,0.99566,4,0
9.7,0.69,0.6,0.0,10.0,0.99636,6,1
9.5,0.715,0.54,0.22,81.0,0.9968799999999999,6,1
11.5,0.3,0.57,0.39,9.0,0.9948,7,2
10.4,0.46,0.64,0.2,54.0,0.9956,6,1
10.4,0.46,0.64,0.2,54.0,0.9956,6,1
10.9,0.765,0.68,0.0,22.0,0.9961899999999999,6,1
10.2,0.63,0.63,0.28,69.0,0.99734,6,1
10.9,0.42,0.56,0.19,36.0,0.9947600000000001,5,1
10.5,0.37,0.57,0.5,47.0,0.99734,5,1
12.4,0.16,0.54,0.44,31.0,0.9932799999999999,6,1
13.0,0.6,0.37,0.08,7.0,0.9928600000000001,5,1
10.2,0.6,1.17,0.3,110.0,0.9991399999999999,5,1
10.2,0.6,1.17,0.3,110.0,0.9991399999999999,5,1
11.0,0.74,0.59,0.0,12.0,0.99521,5,1
10.9,0.635,0.75,0.1,60.0,0.9963799999999999,6,1
12.4,0.395,0.67,0.13,28.0,0.9936200000000001,6,1
9.7,0.755,0.49,0.0,12.0,0.99672,4,0
10.9,0.635,0.75,0.1,60.0,0.9963799999999999,6,1
9.5,0.63,0.45,0.0,77.5,0.9955799999999999,5,1
9.5,0.63,0.45,0.0,77.5,0.9955799999999999,5,1
12.1,0.53,0.61,0.14,29.0,0.99323,6,1
12.2,0.6,0.56,0.0,18.0,0.9919100000000001,6,1
10.9,1.58,0.4,0.0,9.0,0.9947600000000001,3,0
12.5,0.645,0.61,0.0,28.0,0.99444,6,1
11.7,0.86,0.74,0.07,57.0,0.99598,6,1
11.2,0.37,0.8,0.32,15.0,0.9957600000000001,6,1
11.2,0.28,0.66,0.44,68.0,0.9950100000000001,5,1
9.2,0.79,0.44,0.21,68.0,0.9955,5,1
9.8,0.61,0.53,0.26,88.0,0.9961200000000001,5,1
10.1,0.69,0.62,0.32,91.0,0.9979,5,1
11.1,0.68,0.52,0.09,29.0,0.99524,4,0
10.1,0.69,0.62,0.32,91.0,0.9979,5,1
9.2,0.62,0.61,0.1,63.0,0.996,5,1
9.8,0.61,0.53,0.26,88.0,0.9961200000000001,5,1
12.8,0.51,0.59,0.15,27.0,0.9929,6,1
10.5,1.18,0.47,0.21,41.0,0.9953200000000001,5,1
10.1,0.36,0.54,0.21,65.0,0.9955799999999999,6,1
10.1,0.36,0.53,0.21,69.0,0.99556,6,1
9.8,0.63,0.58,0.27,91.0,0.99616,6,1
12.5,0.74,0.59,0.0,46.0,0.9925799999999999,6,1
11.9,0.44,0.69,0.46,41.0,0.9963799999999999,6,1
9.8,0.63,0.58,0.27,91.0,0.99616,6,1
9.1,0.76,1.33,0.68,64.0,0.9965200000000001,6,1
10.1,0.66,0.66,0.34,88.0,0.9979600000000001,5,1
12.5,0.74,0.59,0.0,46.0,0.9925799999999999,6,1
11.4,0.34,0.55,0.42,18.0,0.99392,5,1
11.0,0.36,0.82,0.39,55.0,0.99495,7,2
10.6,0.46,0.6,0.24,34.0,0.9948,6,1
10.6,0.46,0.6,0.24,34.0,0.9948,6,1
10.6,0.46,0.6,0.24,34.0,0.9948,6,1
10.6,0.46,0.6,0.24,34.0,0.9948,6,1
9.3,0.52,0.52,0.11,38.0,0.9955,5,1
9.8,0.6,0.56,0.26,91.0,0.99616,6,1
9.8,0.6,0.56,0.26,91.0,0.99616,6,1
9.2,0.87,0.46,0.26,67.0,0.9966799999999999,5,1
9.7,0.39,0.43,0.1,25.0,0.9958100000000001,6,1
9.6,0.775,0.51,0.22,48.0,0.9976,5,1
10.0,0.835,0.52,0.0,11.0,0.99608,5,1
12.6,0.58,0.66,0.02,40.0,0.99387,6,1
9.5,0.5,0.45,0.0,26.0,0.9944799999999999,5,1
9.5,0.5,0.45,0.0,26.0,0.9944799999999999,5,1
9.5,0.5,0.45,0.0,26.0,0.9944799999999999,5,1
10.5,0.51,0.54,0.02,31.0,0.9953799999999999,6,1
10.5,0.51,0.54,0.02,31.0,0.9953799999999999,6,1
10.5,0.51,0.54,0.02,31.0,0.9953799999999999,6,1
10.4,0.54,0.51,0.02,31.0,0.9958899999999999,6,1
10.5,0.51,0.54,0.02,31.0,0.9953799999999999,6,1
11.0,0.42,0.53,0.48,20.0,0.9985200000000001,5,1
10.2,0.44,0.53,0.24,28.0,0.99613,6,1
11.4,0.59,0.56,0.01,13.0,0.99472,5,1
9.5,0.655,0.39,0.03,12.0,0.99587,5,1
9.5,0.655,0.39,0.03,12.0,0.99587,5,1
10.8,0.57,0.52,0.0,41.0,0.99518,5,1
10.0,0.6,0.57,0.29,73.0,0.99654,5,1
11.8,0.62,0.51,0.01,46.0,0.9933200000000001,6,1
10.3,0.645,0.46,0.03,57.0,0.9969,5,1
10.3,0.645,0.46,0.03,57.0,0.9969,5,1
10.0,0.58,0.52,0.03,28.0,0.9956799999999999,5,1
10.1,0.32,0.44,0.25,32.0,0.99464,5,1
10.1,0.34,0.44,0.25,28.0,0.99464,5,1
11.1,0.43,0.59,0.24,67.0,0.9964799999999999,6,1
9.5,0.64,0.5,0.17,98.0,0.99736,5,1
10.0333333333333,0.475,0.65,0.4,28.0,0.9970399999999999,6,1
10.9,0.54,0.56,0.31,38.0,0.9969899999999999,5,1
10.1,0.85,0.54,0.14,54.0,0.99724,5,1
10.0333333333333,0.475,0.65,0.4,28.0,0.9970399999999999,6,1
9.8,0.83,0.48,0.27,63.0,0.9965200000000001,4,0
11.8,0.605,0.53,0.02,31.0,0.995,6,1
9.5,0.5,0.62,0.09,42.0,0.9971,5,1
9.8,0.74,0.5,0.08,45.0,0.9957600000000001,5,1
10.5,0.54,1.18,0.3,105.0,0.99725,6,1
9.8,0.77,0.5,0.32,74.0,0.99656,6,1
10.4,0.61,0.37,0.0,8.0,0.9939600000000001,4,0
9.2,0.78,1.17,0.51,66.0,0.99623,5,1
11.6,0.58,1.03,0.56,14.0,0.9947600000000001,6,1
9.2,0.78,1.17,0.51,66.0,0.99623,5,1
9.3,0.75,0.45,0.27,89.0,0.99664,5,1
9.8,0.815,0.51,0.0,29.0,0.99471,3,0
9.9,0.56,0.52,0.26,100.0,0.9958600000000001,5,1
10.0,0.885,0.46,0.2,31.0,0.9946,5,1
12.2,0.49,0.62,0.26,74.0,0.9953,6,1
9.9,0.45,0.51,0.15,28.0,0.9960899999999999,6,1
10.8,0.57,0.62,0.02,35.0,0.9955700000000001,6,1
10.8,0.57,0.62,0.02,35.0,0.9955700000000001,6,1
9.6,0.83,0.45,0.09,25.0,0.99534,5,1
9.9,0.6,0.49,0.22,105.0,0.99613,5,1
9.9,0.6,0.49,0.22,105.0,0.99613,5,1
9.5,0.755,0.5,0.15,84.0,0.99593,5,1
9.2,0.81,0.42,0.25,85.0,0.9966799999999999,5,1
9.6,0.64,0.58,0.07,23.0,0.9961,5,1
9.6,0.64,0.58,0.07,23.0,0.9961,5,1
10.3,0.64,0.68,0.31,49.0,0.99718,5,1
9.7,0.48,0.53,0.02,111.0,0.99524,5,1
12.5,0.49,0.59,0.0,33.0,0.99292,6,1
11.0,0.64,0.58,0.22,33.0,0.9961200000000001,5,1
9.8,0.62,0.48,0.06,12.0,0.9942,5,1
10.2,0.52,0.48,0.25,59.0,0.9961200000000001,5,1
9.2,0.57,0.48,0.14,73.0,0.99669,5,1
9.55,0.685,0.65,0.1,12.0,0.99745,6,1
9.55,0.675,0.65,0.1,11.0,0.99745,5,1
9.9,0.59,0.52,0.26,104.0,0.99584,5,1
10.2,0.6,0.62,0.12,28.0,0.9966,7,2
11.1,0.67,0.72,0.0,24.0,0.9956,6,1
9.9,0.69,0.51,0.21,141.0,0.9962,5,1
9.9,0.69,0.51,0.21,141.0,0.9962,5,1
11.9,0.3,0.82,0.42,24.0,0.9963,6,1
10.0,0.33,1.1,0.33,13.0,0.996,8,2
10.7,0.5,0.62,0.39,46.0,0.9985,6,1
11.3,0.28,0.9,0.3,34.0,0.9952,7,2
10.9,0.24,0.94,0.34,22.0,0.9974,6,1
10.7,0.51,0.93,0.0,54.0,0.995,6,1
12.4,0.29,1.01,0.36,53.0,0.995,7,2
10.7,0.51,0.93,0.0,54.0,0.995,6,1
11.9,0.96,0.44,0.0,16.0,0.9936,6,1
10.6,0.47,0.73,0.4,19.0,0.9963,6,1
10.9,0.24,0.94,0.34,22.0,0.9974,6,1
10.1,0.57,0.9,0.25,89.0,0.9963,5,1
9.6,0.32,0.78,0.59,15.0,0.9994,5,1
9.4,0.58,0.84,0.0,18.0,0.9966,5,1
9.6,0.32,0.78,0.59,15.0,0.9994,5,1
12.1,0.34,0.77,0.33,37.0,0.9952,7,2
9.8,0.53,0.46,0.01,19.0,0.995,5,1
9.9,0.64,0.45,0.21,133.0,0.9956,5,1
9.8,0.53,0.46,0.01,19.0,0.995,5,1
9.4,0.4,0.58,0.18,58.0,0.9965,5,1
11.4,0.54,0.84,0.0,55.0,0.9956,6,1
11.0,0.53,0.67,0.09,31.0,0.9968,4,0
9.6,0.26,0.7,0.37,23.0,0.9974,6,1
9.6,0.26,0.7,0.37,23.0,0.9974,6,1
12.1,0.23,0.71,0.37,60.0,0.9971,6,1
11.2,0.41,0.58,0.33,23.0,0.9957,5,1
11.0,0.64,0.63,0.0,55.0,0.9962,5,1
11.3,0.18,0.93,0.4,67.0,0.996,5,1
10.4,0.41,0.62,0.24,47.0,0.9956,5,1
9.9,0.43,0.54,0.31,74.0,0.9958,6,1
11.7,0.44,0.85,0.0,11.0,0.9944,6,1
10.1,0.4,0.74,0.16,25.0,0.9955,7,2
9.0,0.54,0.77,0.37,95.0,1.00369,6,1
9.0,0.54,0.77,0.37,95.0,1.00369,6,1
8.5,0.38,0.65,0.38,90.0,0.9991399999999999,5,1
11.1,0.915,0.54,0.29,39.0,0.99577,5,1
10.3,0.59,0.47,0.0,8.0,0.996,5,1
11.066666666666698,0.67,0.68,0.02,92.0,0.99566,6,1
11.3,0.37,0.73,0.32,28.0,0.9947,7,2
9.56666666666667,0.785,0.52,0.19,98.0,0.99713,6,1
9.8,0.63,0.75,0.02,30.0,0.9971200000000001,5,1
11.7,0.58,0.49,0.2,22.0,0.9932200000000001,5,1
11.1,0.67,0.68,0.02,92.0,0.99566,6,1
9.6,0.785,0.52,0.19,98.0,0.99713,6,1
9.8,0.63,0.75,0.02,30.0,0.9971200000000001,5,1
9.7,0.67,0.74,0.0,39.0,0.9970100000000001,5,1
9.7,0.58,0.73,0.01,54.0,0.9968299999999999,5,1
11.3,0.38,0.76,0.31,29.0,0.99472,8,2
11.3,0.37,0.73,0.32,28.0,0.9947,7,2
11.0,0.32,0.78,0.44,17.0,0.9973200000000001,7,2
11.6,0.58,0.76,0.02,53.0,0.99374,7,2
9.0,0.49,0.58,0.33,85.0,0.9970600000000001,5,1
10.9,0.45,0.69,0.63,23.0,0.99974,6,1
10.9,0.9,0.63,0.0,17.0,0.99467,6,1
10.55,0.54,0.5,0.06,89.0,0.99236,6,1
9.0,0.49,0.58,0.33,85.0,0.9970600000000001,5,1
10.5,0.29,0.6,0.4,20.0,0.99603,5,1
11.9,0.2,0.8,0.35,15.0,0.9945799999999999,7,2
10.4,0.42,0.68,0.09,64.0,0.99724,6,1
10.0,0.785,0.61,0.0,13.0,0.99664,4,0
10.4,0.64,0.58,0.03,31.0,0.99545,6,1
10.8,0.63,0.53,0.01,39.0,0.9952200000000001,6,1
9.7,0.59,0.67,0.1,53.0,0.9958,5,1
9.7,0.59,0.67,0.1,53.0,0.9958,5,1
10.0,0.48,0.65,0.32,54.0,0.9972799999999999,7,2
11.0,1.04,0.57,0.08,32.0,0.9964799999999999,4,0
10.0,0.48,0.65,0.32,54.0,0.9972799999999999,7,2
9.7,0.98,0.55,0.05,49.0,0.99705,3,0
9.7,0.69,0.47,0.11,24.0,0.9957799999999999,5,1
12.6,0.7,0.52,0.08,16.0,0.99334,5,1
11.1,0.35,0.79,0.6,44.0,0.99656,6,1
11.0,0.6,0.54,0.08,45.0,0.99336,5,1
8.8,0.5,0.75,0.5,82.0,1.00242,5,1
13.566666666666698,0.47,0.88,0.11,89.0,0.99182,7,2
8.8,0.5,0.75,0.5,82.0,1.00242,5,1
13.6,0.47,0.88,0.11,89.0,0.99182,7,2
10.2,0.875,0.52,0.05,14.0,0.99808,3,0
10.6,0.28,0.68,0.6,22.0,0.99828,5,1
10.1,0.62,0.62,0.03,13.0,0.99498,4,0
10.6,0.28,0.68,0.6,22.0,0.99828,5,1
10.3,0.58,0.57,0.54,9.0,0.9971899999999999,4,0
10.7,0.33,0.61,0.44,12.0,0.9954200000000001,5,1
10.9,0.91,0.64,0.06,11.0,0.99592,4,0
9.7,0.655,0.55,0.16,25.0,0.9960600000000001,5,1
10.3,0.68,0.6,0.21,23.0,0.99546,5,1
10.6,0.64,0.78,0.05,17.0,0.9949600000000001,5,1
11.4,0.54,0.58,0.04,13.0,0.9942,5,1
10.8,0.57,0.76,0.1,11.0,0.9944799999999999,6,1
12.4,0.22,0.56,0.49,18.0,0.99344,6,1
11.4,0.54,0.58,0.04,13.0,0.9942,5,1
11.95,0.65,0.54,0.06,18.0,0.9934799999999999,5,1
9.7,0.54,0.59,0.26,147.0,0.99636,5,1
10.0,0.31,0.7,0.09,28.0,0.99459,7,2
10.6,0.43,0.81,0.02,28.0,0.99492,6,1
9.7,0.54,0.59,0.26,147.0,0.99636,5,1
11.5,0.74,0.63,0.03,16.0,0.99508,6,1
10.8,0.895,0.58,0.04,13.0,0.99582,6,1
11.5,0.74,0.63,0.03,16.0,0.99508,6,1
9.6,0.725,0.53,0.04,15.0,0.99508,5,1
9.4,0.82,0.53,0.29,64.0,0.9964200000000001,5,1
9.8,0.585,0.54,0.18,60.0,0.9963799999999999,5,1
11.0,0.44,0.69,0.39,14.0,0.99555,6,1
11.4,0.38,0.55,0.57,12.0,0.99605,6,1
9.95,0.76,0.63,0.02,12.0,0.996,3,0
10.8,0.81,0.66,0.05,14.0,0.9956200000000001,6,1
11.4,0.38,0.55,0.57,12.0,0.99605,6,1
10.6,0.27,0.72,0.6,25.0,0.9981399999999999,6,1
11.1,0.18,0.7,0.4,20.0,0.9941,5,1
9.7,0.36,0.77,0.21,48.0,0.99661,6,1
9.8,0.69,0.67,0.04,27.0,0.9971200000000001,5,1
10.4,0.79,0.65,0.04,17.0,0.9958799999999999,6,1
10.5,0.56,0.6,0.15,65.0,0.9929399999999999,6,1
9.23333333333333,0.84,0.72,0.21,65.0,0.9984200000000001,6,1
9.25,0.84,0.72,0.21,65.0,0.9984200000000001,6,1
10.6,0.32,0.97,0.25,58.0,0.9963299999999999,5,1
10.3,0.53,0.83,0.06,44.0,0.9948899999999999,6,1
10.5,0.47,0.63,0.46,20.0,0.9964700000000001,5,1
10.2,0.7,0.58,0.08,27.0,0.99665,5,1
10.3,0.53,0.83,0.06,44.0,0.9948899999999999,6,1
9.05,0.48,0.43,0.2,23.0,0.99585,4,0
10.6,0.32,0.97,0.25,58.0,0.9963299999999999,5,1
10.4,0.48,0.6,0.25,61.0,0.9953,5,1
10.0,0.42,0.78,0.19,47.0,0.9952200000000001,6,1
9.7,0.48,0.64,0.08,34.0,0.9955200000000001,5,1
9.6,0.47,0.65,0.08,38.0,0.9955299999999999,6,1
10.8,0.53,0.66,0.07,24.0,0.9951,6,1
10.1,0.29,0.67,0.49,59.0,0.9971399999999999,6,1
10.2,0.69,0.6,0.08,52.0,0.99608,6,1
11.3,0.44,0.69,0.09,18.0,0.99444,6,1
10.2,0.705,0.66,0.1,28.0,0.99631,5,1
9.9,0.53,0.68,0.13,22.0,0.9957299999999999,6,1
9.0,0.39,0.61,0.3,84.0,0.9971700000000001,5,1
11.7,0.56,0.62,0.14,29.0,0.99397,7,2
9.7,0.55,0.59,0.13,35.0,0.9959,6,1
10.3,0.53,0.68,0.08,45.0,0.9952799999999999,6,1
10.2,0.58,0.64,0.08,31.0,0.99484,6,1
12.0,0.64,0.63,0.09,26.0,0.9953799999999999,5,1
9.9,0.39,0.78,0.32,60.0,0.9971399999999999,5,1
11.6,0.52,0.63,0.08,32.0,0.99646,6,1
10.9,0.25,0.76,0.29,49.0,0.99666,7,2
10.75,0.855,0.56,0.02,38.0,0.99472,6,1
10.4,0.44,0.57,0.42,19.0,0.9975799999999999,6,1
11.2,0.37,0.81,0.43,19.0,0.9955,7,2
10.1,0.63,0.64,0.33,28.0,0.99531,6,1
10.2,0.57,0.61,0.02,26.0,0.99575,5,1
12.1,0.6,0.51,0.1,26.0,0.99306,5,1
10.4,0.4,0.58,0.5,50.0,0.9978299999999999,5,1
11.4,0.36,0.7,0.3,24.0,0.99419,8,2
9.5,0.68,0.53,0.0,26.0,0.9978299999999999,5,1
9.4,0.67,0.54,0.0,27.0,0.9976799999999999,5,1
11.3,0.68,0.66,0.01,54.0,0.9958600000000001,6,1
9.4,0.735,0.6,0.0,28.0,0.99765,5,1
11.0,0.855,0.6,0.02,23.0,0.9962700000000001,6,1
10.55,0.56,0.68,0.17,24.0,0.9951399999999999,7,2
9.9,0.88,0.56,0.04,20.0,0.99636,5,1
11.0,0.855,0.6,0.02,23.0,0.9962700000000001,6,1
9.5,0.63,0.56,0.33,115.0,0.99787,5,1
9.9,0.6,0.52,0.26,131.0,0.9962200000000001,5,1
9.9,0.6,0.52,0.26,131.0,0.9962200000000001,5,1
9.9,0.6,0.52,0.26,131.0,0.9962200000000001,5,1
10.1,0.695,0.54,0.13,20.0,0.99546,5,1
10.1,0.695,0.54,0.13,20.0,0.99546,5,1
10.1,0.695,0.54,0.13,20.0,0.99546,5,1
10.9,0.67,0.82,0.02,42.0,0.9948899999999999,6,1
11.2,0.16,0.71,0.64,52.0,0.9949399999999999,6,1
10.1,0.695,0.54,0.13,20.0,0.99546,5,1
9.2,0.56,0.59,0.13,42.0,0.99629,5,1
11.5,0.51,0.57,0.14,34.0,0.9939600000000001,6,1
12.4,0.36,0.93,0.53,35.0,0.9934,6,1
11.1,0.38,0.65,0.14,25.0,0.9951399999999999,6,1
9.5,0.69,0.51,0.32,104.0,0.9963200000000001,5,1
12.5,0.58,0.67,0.2,50.0,0.99467,6,1
10.5,0.31,0.48,0.78,92.0,0.99677,6,1
11.8,0.52,0.64,0.4,20.0,0.99474,6,1
10.8,0.3,0.78,0.63,29.0,0.9958799999999999,6,1
11.9,0.7,0.6,0.15,27.0,0.9962200000000001,6,1
11.3,0.67,0.67,0.15,20.0,0.9954,6,1
11.3,0.56,0.6,0.09,32.0,0.9940200000000001,5,1
11.9,0.35,0.6,0.33,26.0,0.9947,6,1
11.3,0.56,0.6,0.09,32.0,0.9940200000000001,5,1
11.9,0.715,0.5,0.1,27.0,0.9936200000000001,5,1
9.8,0.46,0.62,0.29,98.0,0.9957799999999999,5,1
11.6,0.32,0.8,0.44,34.0,0.99484,7,2
11.5,0.39,0.84,0.44,48.0,0.9949399999999999,6,1
11.4,0.31,0.85,0.41,60.0,0.99492,6,1
10.9,0.61,0.66,0.11,28.0,0.9948299999999999,6,1
12.8,0.66,0.78,0.33,102.0,0.9941399999999999,6,1
9.2,0.725,0.54,0.2,79.0,0.9977,5,1
11.6,0.55,0.82,0.15,35.0,0.9931399999999999,6,1
11.6,0.74,0.56,0.09,26.0,0.9940200000000001,6,1
11.0,0.51,0.75,0.13,40.0,0.99574,6,1
9.5,0.62,0.82,0.08,38.0,0.99651,6,1
10.5,0.6,0.58,0.08,44.0,0.9949,5,1
11.2,0.55,0.76,0.1,51.0,0.9951200000000001,6,1
11.0,0.51,0.75,0.13,40.0,0.99574,6,1
10.2,0.645,0.71,0.12,44.0,0.9954700000000001,5,1
11.0,0.31,0.66,0.47,42.0,0.99549,6,1
